数据编号,槽开口宽度Bs0（mm）,永磁体轴向长度/动子极距            a,气隙厚度gap（mm）,线圈径向宽度rcoil（mm）,永磁体径向长度rpm（mm）,平均推力(解析法),推力波动（解析法）,铜损（解析法）
1,1,0.5,0.7,8,4.8,57.75447198,31.71411129,17.38962291
2,3,0.5,0.7,8,4.8,47.60884642,25.95380421,17.38962291
3,1,0.5,0.7,9,4.8,65.44972573,20.9207825,19.56583905
4,3,0.5,0.7,9,4.8,53.93116411,29.53105695,19.56583905
5,1,0.5,0.7,10,4.8,73.27528236,23.48989176,21.74261369
6,3,0.5,0.7,10,4.8,60.36051073,19.2377378,21.74261369
7,1,0.5,0.9,8,4.8,49.24807031,26.88449429,17.51830254
8,3,0.5,0.9,8,4.8,40.62922728,21.99103728,17.51830254
9,1,0.5,0.9,9,4.8,55.79221263,30.58760171,19.71060364
10,3,0.5,0.9,9,4.8,46.00704227,25.03241585,19.71060364
11,1,0.5,0.9,10,4.8,62.44714424,19.92475629,21.90346323
12,3,0.5,0.9,10,4.8,51.47587501,28.1249919,21.90346323
13,1,0.5,1.1,8,4.8,45.48479639,24.74784798,17.58264236
14,3,0.5,1.1,8,4.8,37.54083608,20.23756416,17.58264236
15,1,0.5,1.1,9,4.8,51.51968136,28.16202254,19.78298593
16,3,0.5,1.1,9,4.8,42.50072085,23.04182534,19.78298593
17,1,0.5,1.1,10,4.8,57.65672269,31.63366007,21.98388801
18,3,0.5,1.1,10,4.8,47.54453862,25.89329884,21.98388801
19,1,0.5,1.3,8,4.8,42.01450423,22.77754577,17.64698218
20,3,0.5,1.3,8,4.8,34.6925503,18.62041393,17.64698218
21,1,0.5,1.3,9,4.8,47.579779,25.92528174,19.85536823
22,3,0.5,1.3,9,4.8,39.26699662,21.2059923,19.85536823
23,1,0.5,1.3,10,4.8,53.23924933,29.1260027,22.06431278
24,3,0.5,1.3,10,4.8,43.91884199,23.83510764,22.06431278
25,1,0.5,0.7,8,5.2,67.41926712,21.55275928,17.90434145
26,3,0.5,0.7,8,5.2,55.58205018,30.44658958,17.90434145
27,1,0.5,0.7,9,5.2,76.42163515,24.50648267,20.1448974
28,3,0.5,0.7,9,5.2,62.98270536,20.08620587,20.1448974
29,1,0.5,0.7,10,5.2,85.57630937,27.50989595,22.38601187
30,3,0.5,0.7,10,5.2,70.50854212,22.55423027,22.38601187
31,1,0.5,0.9,8,5.2,57.45986976,31.51157316,18.03302108
32,3,0.5,0.9,8,5.2,47.40353585,25.8082401,18.03302108
33,1,0.5,0.9,9,5.2,65.11461572,20.78742494,20.28966199
34,3,0.5,0.9,9,5.2,53.69754311,29.36580859,20.28966199
35,1,0.5,0.9,10,5.2,72.89884623,23.34038179,22.54686141
36,3,0.5,0.9,10,5.2,60.09799115,32.98325003,22.54686141
37,1,0.5,1.1,8,5.2,53.05414566,29.01291787,18.0973609
38,3,0.5,1.1,8,5.2,43.78506953,23.75606891,18.0973609
39,1,0.5,1.1,9,5.2,60.11274601,19.1422308,20.36204429
40,3,0.5,1.1,9,5.2,49.58945629,27.0361279,20.36204429
41,1,0.5,1.1,10,5.2,67.29073534,21.49591988,22.62728618
42,3,0.5,1.1,10,5.2,55.49199223,30.3713958,22.62728618
43,1,0.5,1.3,8,5.2,48.99163743,26.70891348,18.16170072
44,3,0.5,1.3,8,5.2,40.44816879,21.86358439,18.16170072
45,1,0.5,1.3,9,5.2,55.50053327,30.38827758,20.43442658
46,3,0.5,1.3,9,5.2,45.80103415,24.88772785,20.43442658
47,1,0.5,1.3,10,5.2,62.11950897,19.79514573,22.70771095
48,3,0.5,1.3,10,5.2,51.24440229,27.96277913,22.70771095
49,1,0.5,0.7,8,5.6,77.56342095,24.86772492,18.41905999
50,3,0.5,0.7,8,5.6,63.95283534,20.39453797,18.41905999
51,1,0.5,0.7,9,5.6,87.93772562,28.26972207,20.72395576
52,3,0.5,0.7,9,5.6,72.48559151,23.19163825,20.72395576
53,1,0.5,0.7,10,5.6,98.48742925,31.72894313,23.02941004
54,3,0.5,0.7,10,5.6,81.16258546,26.03579611,23.02941004
55,1,0.5,0.9,8,5.6,66.07787814,21.0929439,18.54773962
56,3,0.5,0.9,8,5.6,54.51473341,29.81492867,18.54773962
57,1,0.5,0.9,9,5.6,74.89815827,23.98448772,20.86872035
58,3,0.5,0.9,9,5.6,61.77048924,19.67030023,20.86872035
59,1,0.5,0.9,10,5.6,83.86754142,26.92467639,23.19025958
60,3,0.5,0.9,10,5.6,69.1488745,22.08794968,23.19025958
61,1,0.5,1.1,8,5.6,60.99742908,19.42322894,18.61207944
62,3,0.5,1.1,8,5.6,50.33941421,27.44899848,18.61207944
63,1,0.5,1.1,9,5.6,69.13031092,22.08898176,20.94110265
64,3,0.5,1.1,9,5.6,57.03023824,31.22844226,20.94110265
65,1,0.5,1.1,10,5.6,77.40066418,24.79958462,23.27068436
66,3,0.5,1.1,10,5.6,63.83413237,20.34146303,23.27068436
67,1,0.5,1.3,8,5.6,56.31299502,30.83390739,18.67641926
68,3,0.5,1.3,8,5.6,46.48924939,25.2673159,18.67641926
69,1,0.5,1.3,9,5.6,63.81206044,20.34122824,21.01348494
70,3,0.5,1.3,9,5.6,52.65913586,28.75173669,21.01348494
71,1,0.5,1.3,10,5.6,71.43787237,22.84014124,23.35110913
72,3,0.5,1.3,10,5.6,58.93327755,32.29480105,23.35110913
73,1,0.5,0.7,8,6,88.18665024,28.33898841,18.93377853
74,3,0.5,0.7,8,6,72.72052289,23.25953449,18.93377853
75,1,0.5,0.7,9,6,99.99767561,32.21039506,21.30301412
76,3,0.5,0.7,9,6,82.43905181,26.44406043,21.30301412
77,1,0.5,0.7,10,6,112.0082815,36.14691485,23.67280822
78,3,0.5,0.7,10,6,92.32177668,29.68215531,23.67280822
79,1,0.5,0.9,8,6,75.1018477,24.04161971,19.06245817
80,3,0.5,0.9,8,6,61.96225301,19.72625593,19.06245817
81,1,0.5,0.9,9,6,85.14255899,27.33190491,21.44777871
82,3,0.5,0.9,9,6,70.22523711,22.43298626,21.44777871
83,1,0.5,0.9,10,6,95.35291442,30.67753651,23.83365776
84,3,0.5,0.9,10,6,78.62780359,25.18525533,23.83365776
85,1,0.5,1.1,8,6,69.31441495,22.14088546,19.12679798
86,3,0.5,1.1,8,6,57.20335192,31.31606309,19.12679798
87,1,0.5,1.1,9,6,78.57211301,25.17413955,21.520161
88,3,0.5,1.1,9,6,64.82247842,20.6586949,21.520161
89,1,0.5,1.1,10,6,87.98621428,28.25842019,23.91408253
90,3,0.5,1.1,10,6,72.57029954,23.19605981,23.91408253
91,1,0.5,1.3,8,6,63.97836027,20.38839479,19.1911378
92,3,0.5,1.3,8,6,52.81531833,28.83134345,19.1911378
93,1,0.5,1.3,9,6,72.51411449,23.18466435,21.5925433
94,3,0.5,1.3,9,6,59.84076391,32.79771797,21.5925433
95,1,0.5,1.3,10,6,81.19406369,26.02797752,23.9945073
96,3,0.5,1.3,10,6,66.98486483,21.36188495,23.9945073
97,1,0.5,0.7,8,6.4,99.28873974,31.96647924,19.44849707
98,3,0.5,0.7,8,6.4,81.88461109,26.25384916,19.44849707
99,1,0.5,0.7,9,6.4,112.6012407,36.32842158,21.88207248
100,3,0.5,0.7,9,6.4,92.8425167,29.84328811,21.88207248
101,1,0.5,0.7,10,6.4,126.1385921,40.76372137,24.31620639
102,3,0.5,0.7,10,6.4,103.9854773,33.49310126,24.31620639
103,1,0.5,0.9,8,6.4,84.53158915,27.12267786,19.57717671
104,3,0.5,0.9,8,6.4,69.74567279,22.26943456,19.57717671
105,1,0.5,0.9,9,6.4,95.84760303,30.82960615,22.02683707
106,3,0.5,0.9,9,6.4,79.06130784,25.320072,22.02683707
107,1,0.5,0.9,10,6.4,107.3547243,34.59888324,24.47705594
108,3,0.5,0.9,10,6.4,88.53424159,28.42202814,24.47705594
109,1,0.5,1.1,8,6.4,78.00492581,24.9804038,19.64151652
110,3,0.5,1.1,8,6.4,64.37649575,20.50708708,19.64151652
111,1,0.5,1.1,9,6.4,88.43795084,28.39763821,22.09921936
112,3,0.5,1.1,9,6.4,72.96573766,23.31940707,22.09921936
113,1,0.5,1.1,10,6.4,99.04715977,31.87235262,24.55748071
114,3,0.5,1.1,10,6.4,81.70000138,26.17904043,24.55748071
115,1,0.5,1.3,8,6.4,71.98756686,23.00530085,19.70585634
116,3,0.5,1.3,8,6.4,59.4260207,32.5554688,19.70585634
117,1,0.5,1.3,9,6.4,81.60650657,26.15544747,22.17160166
118,3,0.5,1.3,9,6.4,67.34551545,21.47475905,22.17160166
119,1,0.5,1.3,10,6.4,91.38787119,29.35858523,24.63790548
120,3,0.5,1.3,10,6.4,75.39871251,24.11096657,24.63790548
121,1,0.5,0.7,8,6.8,110.8695245,35.75014351,19.96321561
122,3,0.5,0.7,8,6.8,91.44472494,29.37736077,19.96321561
123,1,0.5,0.7,9,6.8,125.7482338,40.62374045,22.46113084
124,3,0.5,0.7,9,6.8,103.6955605,33.38918368,22.46113084
125,1,0.5,0.7,10,6.8,140.8781513,45.57929406,24.95960457
126,3,0.5,0.7,10,6.8,116.1532101,37.46847967,24.95960457
127,1,0.5,0.9,8,6.8,94.36695669,30.33607069,20.09189525
128,3,0.5,0.9,8,6.8,77.86467523,24.92209183,20.09189525
129,1,0.5,0.9,9,6.8,107.0131248,34.47753733,22.60589543
130,3,0.5,0.9,9,6.8,88.27834097,28.33144087,22.60589543
131,1,0.5,0.9,10,6.8,119.8727856,38.68865594,25.12045411
132,3,0.5,0.9,10,6.8,98.86778441,31.79813738,25.12045411
133,1,0.5,1.1,8,6.8,87.06882456,27.94173914,20.15623506
134,3,0.5,1.1,8,6.8,71.85855348,22.95163603,20.15623506
135,1,0.5,1.1,9,6.8,98.72766877,31.75942686,22.67827772
136,3,0.5,1.1,9,6.8,81.45968424,26.09452571,22.67827772
137,1,0.5,1.1,10,6.8,110.5833262,35.64132488,25.20087888
138,3,0.5,1.1,10,6.8,91.22286606,29.29028455,25.20087888
139,1,0.5,1.3,8,6.8,80.34048588,25.73434234,20.22057488
140,3,0.5,1.3,8,6.8,66.32108759,21.1349343,20.22057488
141,1,0.5,1.3,9,6.8,91.08909036,29.2535298,22.75066002
142,3,0.5,1.3,9,6.8,75.17308521,24.03215636,22.75066002
143,1,0.5,1.3,10,6.8,102.0191308,32.83191076,25.28130365
144,3,0.5,1.3,10,6.8,84.17447837,26.97811871,25.28130365
145,1,0.6,0.7,8,4.8,70.83429177,23.99501608,17.38962291
146,3,0.6,0.7,8,4.8,57.99422121,19.77051213,17.38962291
147,1,0.6,0.7,9,4.8,80.55203668,27.19647116,19.56583905
148,3,0.6,0.7,9,4.8,65.97452771,22.40069907,19.56583905
149,1,0.6,0.7,10,4.8,90.43454324,30.45167974,21.74261369
150,3,0.6,0.7,10,4.8,74.09016707,25.07503835,21.74261369
151,1,0.6,0.9,8,4.8,60.0687853,20.45306323,17.51830254
152,3,0.6,0.9,8,4.8,49.16097562,29.07636427,17.51830254
153,1,0.6,0.9,9,4.8,68.3298089,23.17554968,19.71060364
154,3,0.6,0.9,9,4.8,55.94602233,32.93358257,19.71060364
155,1,0.6,0.9,10,4.8,76.73092015,25.94373974,21.90346323
156,3,0.6,0.9,10,4.8,62.84615652,21.3762118,21.90346323
157,1,0.6,1.1,8,4.8,55.30607231,32.56221702,17.58264236
158,3,0.6,1.1,8,4.8,45.2523787,26.859183,17.58264236
159,1,0.6,1.1,9,4.8,62.92263524,21.39667425,19.78298593
160,3,0.6,1.1,9,4.8,51.5085384,30.41657792,19.78298593
161,1,0.6,1.1,10,4.8,70.66836992,23.94940492,21.98388801
162,3,0.6,1.1,10,4.8,57.87082729,19.7395289,21.98388801
163,1,0.6,1.3,8,4.8,50.9141503,30.07086592,17.64698218
164,3,0.6,1.3,8,4.8,41.64765367,24.81437536,17.64698218
165,1,0.6,1.3,9,4.8,57.93642569,19.75628942,19.85536823
166,3,0.6,1.3,9,4.8,47.41604443,28.09525653,19.85536823
167,1,0.6,1.3,10,4.8,65.07780676,22.11033484,22.06431278
168,3,0.6,1.3,10,4.8,53.28230252,31.43118807,22.06431278
169,1,0.6,0.7,8,5.2,83.05695875,27.98887985,17.90434145
170,3,0.6,0.7,8,5.2,68.0776297,23.06543882,17.90434145
171,1,0.6,0.7,9,5.2,94.42773653,31.73041423,20.1448974
172,3,0.6,0.7,9,5.2,77.42165151,26.1411897,20.1448974
173,1,0.6,0.7,10,5.2,105.9910981,35.53477907,22.38601187
174,3,0.6,0.7,10,5.2,86.92395933,29.2685814,22.38601187
175,1,0.6,0.9,8,5.2,70.45390425,23.84647832,18.03302108
176,3,0.6,0.9,8,5.2,57.72818203,19.66375807,18.03302108
177,1,0.6,0.9,9,5.2,80.11944437,27.02784704,20.28966199
178,3,0.6,0.9,9,5.2,65.67188712,22.27950894,20.28966199
179,1,0.6,0.9,10,5.2,89.9487114,30.26263167,22.54686141
180,3,0.6,0.9,10,5.2,73.75018138,24.93916954,22.54686141
181,1,0.6,1.1,8,5.2,64.87870939,22.01401018,18.0973609
182,3,0.6,1.1,8,5.2,53.1492174,31.30816074,18.0973609
183,1,0.6,1.1,9,5.2,73.78990602,24.94757924,20.36204429
184,3,0.6,1.1,9,5.2,60.47337245,20.5709637,20.36204429
185,1,0.6,1.1,10,5.2,82.85206417,27.9303995,22.62728618
186,3,0.6,1.1,10,5.2,67.92163234,23.02368338,22.62728618
187,1,0.6,1.3,8,5.2,59.73783483,20.32429547,18.16170072
188,3,0.6,1.3,8,5.2,48.9265581,28.91520631,18.16170072
189,1,0.6,1.3,9,5.2,67.95345302,23.02936901,20.43442658
190,3,0.6,1.3,9,5.2,55.67937247,32.75063166,20.43442658
191,1,0.6,1.3,10,5.2,76.30826183,25.7798535,22.70771095
192,3,0.6,1.3,10,5.2,62.54662319,21.25724792,22.70771095
193,1,0.6,0.7,8,5.6,95.88575147,32.1804923,18.41905999
194,3,0.6,0.7,8,5.6,78.66375664,26.52436547,18.41905999
195,1,0.6,0.7,9,5.6,108.9915269,36.488847,20.72395576
196,3,0.6,0.7,9,5.6,89.43947461,30.06785757,20.72395576
197,1,0.6,0.7,10,5.6,122.3190857,40.86955856,23.02941004
198,3,0.6,0.7,10,5.6,100.3975742,33.67085168,23.02941004
199,1,0.6,0.9,8,5.6,81.35265462,27.40746572,18.54773962
200,3,0.6,0.9,8,5.6,66.72136509,22.60219025,18.54773962
201,1,0.6,0.9,9,5.6,92.49216824,31.07037706,20.86872035
202,3,0.6,0.9,9,5.6,75.88133191,25.6152973,20.86872035
203,1,0.6,0.9,10,5.6,103.8202154,34.79479746,23.19025958
204,3,0.6,0.9,10,5.6,85.19635767,28.67899232,23.19025958
205,1,0.6,1.1,8,5.6,74.92416801,25.29619255,18.61207944
206,3,0.6,1.1,8,5.6,61.43817392,20.86706029,18.61207944
207,1,0.6,1.1,9,5.6,85.19393668,28.67360218,20.94110265
208,3,0.6,1.1,9,5.6,69.88334907,23.64553044,20.94110265
209,1,0.6,1.1,10,5.6,95.63753128,32.10772252,23.27068436
210,3,0.6,1.1,10,5.6,78.47149585,26.47064509,23.27068436
211,1,0.6,1.3,8,5.6,68.99677431,23.34949063,18.67641926
212,3,0.6,1.3,8,5.6,56.56641304,19.26705415,18.67641926
213,1,0.6,1.3,9,5.6,78.46459364,26.46365306,21.01348494
214,3,0.6,1.3,9,5.6,64.35246114,21.82915983,21.01348494
215,1,0.6,1.3,10,5.6,88.09267774,29.63010188,23.35110913
216,3,0.6,1.3,10,5.6,72.27033489,24.43427364,23.35110913
217,1,0.6,0.7,8,6,109.3203116,36.56973577,18.93377853
218,3,0.6,0.7,8,6,89.75174402,30.1470139,18.93377853
219,1,0.6,0.7,9,6,124.2430008,41.4716359,21.30301412
220,3,0.6,0.7,9,6,102.0270231,34.18038687,21.30301412
221,1,0.6,0.7,10,6,139.4180499,46.45586843,23.67280822
222,3,0.6,0.7,10,6,114.5099199,38.28149514,23.67280822
223,1,0.6,0.9,8,6,92.76472292,31.13592254,19.06245817
224,3,0.6,0.9,8,6,76.13980833,25.6793554,19.06245817
225,1,0.6,0.9,9,6,105.4476246,35.30302292,21.44777871
226,3,0.6,0.9,9,6,86.57354342,29.1085791,21.44777871
227,1,0.6,0.9,10,6,118.345033,39.54010613,23.83365776
228,3,0.6,0.9,10,6,97.18377363,32.59538433,23.83365776
229,1,0.6,1.1,8,6,85.44215496,28.73253674,19.12679798
230,3,0.6,1.1,8,6,70.11859337,23.70309481,19.12679798
231,1,0.6,1.1,9,6,97.13439439,32.57463382,21.520161
232,3,0.6,1.1,9,6,79.73772485,26.86507417,21.520161
233,1,0.6,1.1,10,6,109.0243981,36.48125148,23.91408253
234,3,0.6,1.1,10,6,89.51958439,30.08014357,23.91408253
235,1,0.6,1.3,8,6,78.69069456,26.51659772,19.1911378
236,3,0.6,1.3,8,6,64.5666197,21.88084683,19.1911378
237,1,0.6,1.3,9,6,89.46953627,30.05903941,21.5925433
238,3,0.6,1.3,9,6,73.43463071,24.79640857,21.5925433
239,1,0.6,1.3,10,6,100.4307055,33.66096545,23.9945073
240,3,0.6,1.3,10,6,82.45267561,27.76091886,23.9945073
241,1,0.6,0.7,8,6.4,123.3603668,41.15652109,19.44849707
242,3,0.6,0.7,8,6.4,101.3409579,33.93317883,19.44849707
243,1,0.6,0.7,9,6.4,140.1818493,46.67867969,21.88207248
244,3,0.6,0.7,9,6.4,115.1835773,38.47854456,21.88207248
245,1,0.6,0.7,10,6.4,108.5284744,52.2935952,24.31620639
246,3,0.6,0.7,10,6.4,129.2601896,43.1002505,24.31620639
247,1,0.6,0.9,8,6.4,104.6898697,35.03177037,19.57717671
248,3,0.6,0.9,8,6.4,85.98297873,28.89508081,19.57717671
249,1,0.6,0.9,9,6.4,118.9855417,39.72569564,22.02683707
250,3,0.6,0.9,9,6.4,97.74791657,32.75915828,22.02683707
251,1,0.6,0.9,10,6.4,133.5228596,44.49845792,24.47705594
252,3,0.6,0.9,10,6.4,109.7117509,36.68812575,24.47705594
253,1,0.6,1.1,8,6.4,96.43244579,32.32296925,19.64151652
254,3,0.6,1.1,8,6.4,79.18998685,26.66667833,19.64151652
255,1,0.6,1.1,9,6.4,109.6110243,36.65059073,22.09921936
256,3,0.6,1.1,9,6.4,90.03594482,30.22941501,22.09921936
257,1,0.6,1.1,10,6.4,123.0123788,41.05089286,24.55748071
258,3,0.6,1.1,10,6.4,101.0652758,33.85197714,24.55748071
259,1,0.6,1.3,8,6.4,88.81938514,29.82554785,19.70585634
260,3,0.6,1.3,8,6.4,72.92672965,24.6120523,19.70585634
261,1,0.6,1.3,9,6.4,100.968042,33.81544985,22.17160166
262,3,0.6,1.3,9,6.4,82.92537213,27.89694751,22.17160166
263,1,0.6,1.3,10,6.4,113.3220773,37.87235654,24.63790548
264,3,0.6,1.3,10,6.4,93.09307466,31.23699856,24.63790548
265,1,0.6,0.7,8,6.8,138.0057085,45.9407801,19.96321561
266,3,0.6,0.7,8,6.8,113.4309246,37.882707,19.96321561
267,1,0.6,0.7,9,6.8,108.1974065,52.109901,22.46113084
268,3,0.6,0.7,9,6.8,128.9085994,42.96215665,22.46113084
269,1,0.6,0.7,10,6.8,121.3900461,58.38265213,24.95960457
270,3,0.6,0.7,10,6.8,144.6477805,48.12692272,24.95960457
271,1,0.6,0.9,8,6.8,117.1279107,39.09494896,20.09189525
272,3,0.6,0.9,8,6.8,96.25047512,32.24923661,20.09189525
273,1,0.6,0.9,9,6.8,133.1057101,44.33832678,22.60589543
274,3,0.6,0.9,9,6.8,109.4039959,36.56688742,22.60589543
275,1,0.6,0.9,10,6.8,149.3534605,49.66977612,25.12045411
276,3,0.6,0.9,10,6.8,122.7797791,40.95705131,25.12045411
277,1,0.6,1.1,8,6.8,107.8948671,36.06743344,20.15623506
278,3,0.6,1.1,8,6.8,88.65198519,29.75769131,20.15623506
279,1,0.6,1.1,9,6.8,122.6236296,40.90140859,22.67827772
280,3,0.6,1.1,9,6.8,100.7775899,33.73841725,22.67827772
281,1,0.6,1.1,10,6.8,137.6012529,45.81657455,25.20087888
282,3,0.6,1.1,10,6.8,113.1081003,37.78599366,25.20087888
283,1,0.6,1.3,8,6.8,99.38268308,33.27628778,20.22057488
284,3,0.6,1.3,8,6.8,81.64640311,27.46056053,20.22057488
285,1,0.6,1.3,9,6.8,112.9599259,37.73282393,22.75066002
286,3,0.6,1.3,9,6.8,92.8242997,31.13065174,22.75066002
287,1,0.6,1.3,10,6.8,126.7665856,42.26420735,25.28130365
288,3,0.6,1.3,10,6.8,104.1910997,34.86237267,25.28130365
289,1,0.7,0.7,8,4.8,88.7330922,28.40842869,17.38962291
290,3,0.7,0.7,8,4.8,73.09191227,23.26647207,17.38962291
291,1,0.7,0.7,9,4.8,100.5923098,32.29790511,19.56583905
292,3,0.7,0.7,9,4.8,82.83479252,26.46061572,19.56583905
293,1,0.7,0.7,10,4.8,112.652071,36.25280888,21.74261369
294,3,0.7,0.7,10,4.8,92.7423964,29.70850046,21.74261369
295,1,0.7,0.9,8,4.8,75.61905026,24.09725556,17.51830254
296,3,0.7,0.9,8,4.8,62.33166115,19.72909544,17.51830254
297,1,0.7,0.9,9,4.8,85.70386613,27.40374379,19.71060364
298,3,0.7,0.9,9,4.8,70.61862046,22.44488929,19.71060364
299,1,0.7,0.9,10,4.8,95.95919305,30.76586125,21.90346323
300,3,0.7,0.9,10,4.8,79.04566128,25.20638474,21.90346323
301,1,0.7,1.1,8,4.8,69.81733364,22.18997137,17.58264236
302,3,0.7,1.1,8,4.8,57.5703892,31.31698626,17.58264236
303,1,0.7,1.1,9,4.8,79.11714546,25.23854276,19.78298593
304,3,0.7,1.1,9,4.8,65.21312232,20.66798229,19.78298593
305,1,0.7,1.1,10,4.8,88.57418177,28.33840865,21.98388801
306,3,0.7,1.1,10,4.8,72.98503314,23.21425677,21.98388801
307,1,0.7,1.3,8,4.8,64.46729744,20.43117477,17.64698218
308,3,0.7,1.3,8,4.8,53.17927994,28.82809946,17.64698218
309,1,0.7,1.3,9,4.8,73.04322004,23.2419089,19.85536823
310,3,0.7,1.3,9,4.8,60.22787192,32.80900004,19.85536823
311,1,0.7,1.3,10,4.8,81.76411499,26.09994025,22.06431278
312,3,0.7,1.3,10,4.8,67.39558549,21.37700578,22.06431278
313,1,0.7,0.7,8,5.2,103.6124132,33.26965606,17.90434145
314,3,0.7,0.7,8,5.2,85.36702688,27.27697136,17.90434145
315,1,0.7,0.7,9,5.2,117.4839355,37.81650299,20.1448974
316,3,0.7,0.7,9,5.2,96.77001744,31.01344389,20.1448974
317,1,0.7,0.7,10,5.2,131.5898658,42.43982552,22.38601187
318,3,0.7,0.7,10,5.2,108.3656696,34.81277227,22.38601187
319,1,0.7,0.9,8,5.2,88.26141869,28.22763237,18.03302108
320,3,0.7,0.9,8,5.2,72.76101027,23.1365338,18.03302108
321,1,0.7,0.9,9,5.2,100.0560095,32.0926602,20.28966199
322,3,0.7,0.9,9,5.2,82.45845446,26.31310625,20.28966199
323,1,0.7,0.9,10,5.2,112.0498845,36.02270447,22.54686141
324,3,0.7,0.9,10,5.2,92.31971712,29.54312447,22.54686141
325,1,0.7,1.1,8,5.2,81.4706216,25.9971997,18.0973609
326,3,0.7,1.1,8,5.2,67.18365908,21.3046566,18.0973609
327,1,0.7,1.1,9,5.2,92.34644326,29.5606122,20.36204429
328,3,0.7,1.1,9,5.2,76.12650876,24.23350929,20.36204429
329,1,0.7,1.1,10,5.2,103.4060114,33.18397198,22.62728618
330,3,0.7,1.1,10,5.2,85.22041565,27.2116444,22.62728618
331,1,0.7,1.3,8,5.2,75.20884298,23.94052278,18.16170072
332,3,0.7,1.3,8,5.2,62.04030119,19.61532421,18.16170072
333,1,0.7,1.3,9,5.2,85.23746968,27.22581647,20.43442658
334,3,0.7,1.3,9,5.2,70.28727401,22.31573309,20.43442658
335,1,0.7,1.3,10,5.2,95.4355156,30.56638318,22.70771095
336,3,0.7,1.3,10,5.2,78.67353579,25.06158499,22.70771095
337,1,0.7,0.7,8,5.6,119.2294948,38.37157799,18.41905999
338,3,0.7,0.7,8,5.6,98.25403311,31.48708715,18.41905999
339,1,0.7,0.7,9,5.6,135.2130871,43.60834392,20.72395576
340,3,0.7,0.7,9,5.6,111.399878,35.79288215,20.72395576
341,1,0.7,0.7,10,5.6,104.5119737,48.93318072,23.02941004
342,3,0.7,0.7,10,5.6,124.7677131,40.17110146,23.02941004
343,1,0.7,0.9,8,5.6,101.528966,32.56197387,18.54773962
344,3,0.7,0.9,8,5.6,83.70884373,26.71311722,18.54773962
345,1,0.7,0.9,9,5.6,115.117873,37.01312287,20.86872035
346,3,0.7,0.9,9,5.6,94.88688571,30.37334129,20.86872035
347,1,0.7,0.9,10,5.6,128.9362581,41.5391391,23.19025958
348,3,0.7,0.9,10,5.6,106.2536614,34.09513974,23.19025958
349,1,0.7,1.1,8,5.6,93.69941567,29.99218693,18.61207944
350,3,0.7,1.1,8,5.6,77.27420158,24.60116204,18.61207944
351,1,0.7,1.1,9,5.6,106.2290713,34.09583066,20.94110265
352,3,0.7,1.1,9,5.6,87.58170781,27.97579217,20.94110265
353,1,0.7,1.1,10,5.6,118.9703033,38.26850119,23.27068436
354,3,0.7,1.1,10,5.6,98.0632354,31.40719678,23.27068436
355,1,0.7,1.3,8,5.6,86.48016955,27.62271185,18.67641926
356,3,0.7,1.3,8,5.6,71.34065934,22.65367607,18.67641926
357,1,0.7,1.3,9,5.6,98.0331412,31.40593792,21.01348494
358,3,0.7,1.3,9,5.6,80.84542307,25.76495299,21.01348494
359,1,0.7,1.3,10,5.6,109.781183,35.25280563,23.35110913
360,3,0.7,1.3,10,5.6,90.51064156,28.92857828,23.35110913
361,1,0.7,0.7,8,6,135.5839005,43.71405128,18.93377853
362,3,0.7,0.7,8,6,111.7518872,35.89648084,18.93377853
363,1,0.7,0.7,9,6,106.1076957,49.6732653,21.30301412
364,3,0.7,0.7,9,6,126.7231894,40.79854613,21.30301412
365,1,0.7,0.7,10,6,118.8744446,55.73269218,23.67280822
366,3,0.7,0.7,10,6,141.9471985,45.78305707,23.67280822
367,1,0.7,0.9,8,6,115.4213103,37.10015478,19.06245817
368,3,0.7,0.9,8,6,95.17428997,30.45856282,19.06245817
369,1,0.7,0.9,9,6,130.8890231,42.16498961,21.44777871
370,3,0.7,0.9,9,6,107.9029248,34.62527328,21.44777871
371,1,0.7,0.9,10,6,146.6178279,47.31500572,23.83365776
372,3,0.7,0.9,10,6,120.8463849,38.8620705,23.83365776
373,1,0.7,1.1,8,6,106.5033588,34.17481593,19.12679798
374,3,0.7,1.1,8,6,87.84122,28.05310969,19.12679798
375,1,0.7,1.1,9,6,120.7646242,38.84406517,21.520161
376,3,0.7,1.1,9,6,99.57781505,31.89453728,21.520161
377,1,0.7,1.1,10,6,135.2666031,43.59184718,23.91408253
378,3,0.7,1.1,10,6,111.5124785,35.80058469,23.91408253
379,1,0.7,1.3,8,6,98.28094324,31.47763244,19.1911378
380,3,0.7,1.3,8,6,81.07962594,25.83511672,19.1911378
381,1,0.7,1.3,9,6,111.4298555,35.78214891,21.5925433
382,3,0.7,1.3,9,6,91.90149218,29.37661117,21.5925433
383,1,0.7,1.3,10,6,124.8006921,40.1590682,23.9945073
384,3,0.7,1.3,10,6,102.9059758,32.97768455,23.9945073
385,1,0.7,0.7,8,6.4,105.3459562,49.29696739,19.44849707
386,3,0.7,0.7,8,6.4,125.8598182,40.50490257,19.44849707
387,1,0.7,0.7,9,6.4,119.4956527,56.01114393,21.88207248
388,3,0.7,0.7,9,6.4,142.7390764,46.03015216,21.88207248
389,1,0.7,0.7,10,6.4,97.01748478,62.83822177,24.31620639
390,3,0.7,0.7,10,6.4,110.3331698,51.64832109,24.31620639
391,1,0.7,0.9,8,6.4,129.9381602,41.8420797,19.57717671
392,3,0.7,0.9,8,6.4,107.1567006,34.37266036,19.57717671
393,1,0.7,0.9,9,6.4,147.3691289,47.5481521,22.02683707
394,3,0.7,0.9,9,6.4,121.5058358,39.06866356,22.02683707
395,1,0.7,0.9,10,6.4,113.9150138,53.35018289,24.47705594
396,3,0.7,0.9,10,6.4,136.0970626,43.84364919,24.47705594
397,1,0.7,1.1,8,6.4,119.8821776,38.54499724,19.64151652
398,3,0.7,1.1,8,6.4,98.88411965,31.66030667,19.64151652
399,1,0.7,1.1,9,6.4,135.9527917,43.80521418,22.09921936
400,3,0.7,1.1,9,6.4,112.1141554,35.98952567,22.09921936
401,1,0.7,1.1,10,6.4,105.0832483,49.15389613,24.55748071
402,3,0.7,1.1,10,6.4,125.5673881,40.39156267,24.55748071
403,1,0.7,1.3,8,6.4,110.6109078,35.50520071,19.70585634
404,3,0.7,1.3,8,6.4,91.25665548,29.15946917,19.70585634
405,1,0.7,1.3,9,6.4,125.4273217,40.35435425,22.17160166
406,3,0.7,1.3,9,6.4,103.4548621,33.15050674,22.17160166
407,1,0.7,1.3,10,6.4,140.4937169,45.28506417,24.63790548
408,3,0.7,1.3,10,6.4,115.8588442,37.20867858,24.63790548
409,1,0.7,0.7,8,6.8,117.6473707,55.12024335,19.96321561
410,3,0.7,0.7,8,6.8,140.5772498,45.3121658,19.96321561
411,1,0.7,0.7,9,6.8,96.71065366,62.62188561,22.46113084
412,3,0.7,0.7,9,6.8,110.0183505,51.48748849,22.46113084
413,1,0.7,0.7,10,6.8,108.3629013,70.24966389,24.95960457
414,3,0.7,0.7,10,6.8,123.2580248,57.76665611,24.95960457
415,1,0.7,0.9,8,6.8,145.0792912,46.78767527,20.09189525
416,3,0.7,0.9,8,6.8,119.6555877,38.45525178,20.09189525
417,1,0.7,0.9,9,6.8,113.5449756,53.16252707,22.60589543
418,3,0.7,0.9,9,6.8,135.6950647,43.70333269,22.60589543
419,1,0.7,0.9,10,6.8,92.18257867,59.64457725,25.12045411
420,3,0.7,0.9,10,6.8,104.8835008,49.03967463,25.12045411
421,1,0.7,1.1,8,6.8,133.8356612,43.10266191,20.15623506
422,3,0.7,1.1,8,6.8,110.4024515,35.42260748,20.15623506
423,1,0.7,1.1,9,6.8,104.7374005,48.97919942,22.67827772
424,3,0.7,1.1,9,6.8,125.1902192,40.26059217,22.67827772
425,1,0.7,1.1,10,6.8,117.3372006,54.95456025,25.20087888
426,3,0.7,1.1,10,6.8,140.2273928,45.17994552,25.20087888
427,1,0.7,1.3,8,6.8,123.4698649,39.70535183,20.22057488
428,3,0.7,1.3,8,6.8,101.8713347,32.62659949,20.22057488
429,1,0.7,1.3,9,6.8,140.0253146,45.12248036,22.75066002
430,3,0.7,1.3,9,6.8,115.5050636,37.08648764,22.75066002
431,1,0.7,1.3,10,6.8,108.2334032,50.63071106,25.28130365
432,3,0.7,1.3,10,6.8,129.3687209,41.62138989,25.28130365
433,1,0.8,0.7,8,4.8,102.0910874,34.37946828,17.38962291
434,3,0.8,0.7,8,4.8,83.62646963,28.31373517,17.38962291
435,1,0.8,0.7,9,4.8,116.0660973,38.97559212,19.56583905
436,3,0.8,0.7,9,4.8,95.10325388,32.08960647,19.56583905
437,1,0.8,0.7,10,4.8,130.2776793,43.64889765,21.74261369
438,3,0.8,0.7,10,4.8,106.7743551,35.92887369,21.74261369
439,1,0.8,0.9,8,4.8,86.60978913,29.29377278,17.51830254
440,3,0.8,0.9,8,4.8,70.92385223,24.14085232,17.51830254
441,1,0.8,0.9,9,4.8,98.49021051,33.20217189,19.71060364
442,3,0.8,0.9,9,4.8,80.68199793,27.35243605,19.71060364
443,1,0.8,0.9,10,4.8,110.571776,37.17619429,21.90346323
444,3,0.8,0.9,10,4.8,90.60539145,30.61793188,21.90346323
445,1,0.8,1.1,8,4.8,79.76078666,27.04383608,17.58264236
446,3,0.8,1.1,8,4.8,65.30310832,22.29440563,17.58264236
447,1,0.8,1.1,9,4.8,90.7145518,30.6479824,19.78298593
448,3,0.8,1.1,9,4.8,74.3007787,25.25629941,19.78298593
449,1,0.8,1.1,10,4.8,101.8537875,34.3126385,21.98388801
450,3,0.8,1.1,10,4.8,83.45083414,28.26790882,21.98388801
451,1,0.8,1.3,8,4.8,73.44499884,24.96906347,17.64698218
452,3,0.8,1.3,8,4.8,60.11934633,20.59151,17.64698218
453,1,0.8,1.3,9,4.8,83.5442506,28.29264394,19.85536823
454,3,0.8,1.3,9,4.8,68.41566414,23.32312586,19.85536823
455,1,0.8,1.3,10,4.8,93.81451968,31.67201881,22.06431278
456,3,0.8,1.3,10,4.8,76.8525043,26.10058712,22.06431278
457,1,0.8,0.7,8,5.2,119.6459045,40.11403782,17.90434145
458,3,0.8,0.7,8,5.2,98.108842,33.04473936,17.90434145
459,1,0.8,0.7,9,5.2,135.9950336,45.48563186,20.1448974
460,3,0.8,0.7,9,5.2,111.5442301,37.46037145,20.1448974
461,1,0.8,0.7,10,5.2,105.3082713,50.9474407,22.38601187
462,3,0.8,0.7,10,5.2,125.2068925,41.95015175,22.38601187
463,1,0.8,0.9,8,5.2,101.5254152,34.16619106,18.03302108
464,3,0.8,0.9,8,5.2,83.22855595,28.16045287,18.03302108
465,1,0.8,0.9,9,5.2,115.4230302,38.73347401,20.28966199
466,3,0.8,0.9,9,5.2,94.6507959,31.91559622,20.28966199
467,1,0.8,0.9,10,5.2,129.5557317,43.37745392,22.54686141
468,3,0.8,0.9,10,5.2,106.2662851,35.73378713,22.54686141
469,1,0.8,1.1,8,5.2,93.50948069,31.53505075,18.0973609
470,3,0.8,1.1,8,5.2,76.64498688,25.99947039,18.0973609
471,1,0.8,1.1,9,5.2,106.322623,35.74653177,20.36204429
472,3,0.8,1.1,9,5.2,87.1765383,29.46238998,20.36204429
473,1,0.8,1.1,10,5.2,119.3525227,40.02872989,22.62728618
474,3,0.8,1.1,10,5.2,97.88628507,32.98344579,22.62728618
475,1,0.8,1.3,8,5.2,86.11800565,29.10888223,18.16170072
476,3,0.8,1.3,8,5.2,70.57370846,24.00664155,18.16170072
477,1,0.8,1.3,9,5.2,97.93115815,32.9922791,20.43442658
478,3,0.8,1.3,9,5.2,80.28387896,27.20007633,20.43442658
479,1,0.8,1.3,10,5.2,109.9441668,36.94087904,22.70771095
480,3,0.8,1.3,10,5.2,90.15836233,30.44711818,22.70771095
481,1,0.8,0.7,8,5.6,138.0710243,46.13254384,18.41905999
482,3,0.8,0.7,8,5.6,113.3130307,38.01122209,18.41905999
483,1,0.8,0.7,9,5.6,108.2692533,52.31800404,20.72395576
484,3,0.8,0.7,9,5.6,128.8046315,43.0984581,20.72395576
485,1,0.8,0.7,10,5.6,121.489228,58.60735745,23.02941004
486,3,0.8,0.7,10,5.6,144.5581041,48.27112977,23.02941004
487,1,0.8,0.9,8,5.6,117.1785364,39.27921722,18.54773962
488,3,0.8,0.9,8,5.6,96.14488855,32.37958619,18.54773962
489,1,0.8,0.9,9,5.6,133.1930745,44.53792076,20.86872035
490,3,0.8,0.9,9,5.6,109.3139313,36.70527144,20.86872035
491,1,0.8,0.9,10,5.6,149.4783175,49.88494176,23.19025958
492,3,0.8,0.9,10,5.6,122.7056147,41.10359318,23.19025958
493,1,0.8,1.1,8,5.6,107.9370732,36.24775608,18.61207944
494,3,0.8,1.1,8,5.6,88.5498791,29.88820841,18.61207944
495,1,0.8,1.1,9,5.6,122.7013983,41.09652339,20.94110265
496,3,0.8,1.1,9,5.6,100.6914461,33.87699143,20.94110265
497,1,0.8,1.1,10,5.6,137.7153105,46.02671849,23.27068436
498,3,0.8,1.1,10,5.6,113.0382982,37.93274873,23.27068436
499,1,0.8,1.3,8,5.6,99.41597113,33.45259374,18.67641926
500,3,0.8,1.3,8,5.6,81.54633355,27.5908475,18.67641926
501,1,0.8,1.3,9,5.6,113.0275358,37.92337887,21.01348494
502,3,0.8,1.3,9,5.6,92.74043974,31.26896468,21.01348494
503,1,0.8,1.3,10,5.6,126.8692159,42.46923915,23.35110913
504,3,0.8,1.3,10,5.6,104.1238271,35.00883485,23.35110913
505,1,0.8,0.7,8,6,108.5824929,52.43481738,18.93377853
506,3,0.8,0.7,8,6,129.237805,43.21278393,18.93377853
507,1,0.8,0.7,9,6,123.383244,59.47251684,21.30301412
508,3,0.8,0.7,9,6,146.883061,49.00341296,21.30301412
509,1,0.8,0.7,10,6,100.3145045,66.62843287,23.67280822
510,3,0.8,0.7,10,6,113.7302326,54.89129939,23.67280822
511,1,0.8,0.9,8,6,133.5687021,44.63270351,19.06245817
512,3,0.8,0.9,8,6,109.6718224,36.79791857,19.06245817
513,1,0.8,0.9,9,6,104.7418839,50.61534439,21.44777871
514,3,0.8,0.9,9,6,124.6702376,41.72108285,21.44777871
515,1,0.8,0.9,10,6,117.5338824,56.69846976,23.83365776
516,3,0.8,0.9,10,6,139.9220724,46.72692529,23.83365776
517,1,0.8,1.1,8,6,123.0431427,41.18181389,19.12679798
518,3,0.8,1.1,8,6,101.0168456,33.96031455,19.12679798
519,1,0.8,1.1,9,6,139.8503992,46.69780038,21.520161
520,3,0.8,1.1,9,6,114.8444356,38.49975739,21.520161
521,1,0.8,1.1,10,6,108.2897139,52.30642843,23.91408253
522,3,0.8,1.1,10,6,128.9056779,43.11542928,23.91408253
523,1,0.8,1.3,8,6,113.3385011,38.0000688,19.1911378
524,3,0.8,1.3,8,6,93.03636266,31.3438488,19.1911378
525,1,0.8,1.3,9,6,128.8329362,43.08579658,21.5925433
526,3,0.8,1.3,9,6,105.7843714,35.5294741,21.5925433
527,1,0.8,1.3,10,6,144.5891653,48.25693468,23.9945073
528,3,0.8,1.3,10,6,118.7478056,39.78538195,23.9945073
529,1,0.8,0.7,8,6.4,122.4958626,59.02073041,19.44849707
530,3,0.8,0.7,8,6.4,145.8822561,48.64913013,19.44849707
531,1,0.8,0.7,9,6.4,100.8537962,66.94902493,21.88207248
532,3,0.8,0.7,9,6.4,114.387156,55.17490143,21.88207248
533,1,0.8,0.7,10,6.4,113.1465888,75.010504,24.31620639
534,3,0.8,0.7,10,6.4,93.00534766,61.81028546,24.31620639
535,1,0.8,0.9,8,6.4,103.9799423,50.22653736,19.57717671
536,3,0.8,0.9,8,6.4,123.808593,41.41520199,19.57717671
537,1,0.8,0.9,9,6.4,118.1576091,56.96561714,22.02683707
538,3,0.8,0.9,9,6.4,140.718847,46.96274892,22.02683707
539,1,0.8,0.9,10,6.4,96.06861067,63.81789467,24.47705594
540,3,0.8,0.9,10,6.4,108.9611331,52.60346783,24.47705594
541,1,0.8,1.1,8,6.4,138.8273668,46.33711866,19.64151652
542,3,0.8,1.1,8,6.4,114.0451852,38.2155613,19.64151652
543,1,0.8,1.1,9,6.4,108.8607891,52.55024296,22.09921936
544,3,0.8,1.1,9,6.4,129.634711,43.33042955,22.09921936
545,1,0.8,1.1,10,6.4,122.1514066,58.86772541,24.55748071
546,3,0.8,1.1,10,6.4,145.487532,48.53119787,24.55748071
547,1,0.8,1.3,8,6.4,127.8852934,42.7512085,19.70585634
548,3,0.8,1.3,8,6.4,105.0431526,35.26543668,19.70585634
549,1,0.8,1.3,9,6.4,145.347016,48.47941994,22.17160166
550,3,0.8,1.3,9,6.4,119.4149439,39.98136762,22.17160166
551,1,0.8,1.3,10,6.4,112.5415048,54.30383975,24.63790548
552,3,0.8,1.3,10,6.4,134.0294793,44.7764938,24.63790548
553,1,0.8,0.7,8,6.8,99.2818182,65.89018506,19.96321561
554,3,0.8,0.7,8,6.8,112.6395362,54.32004063,19.96321561
555,1,0.8,0.7,9,6.8,112.7927558,74.7474172,22.46113084
556,3,0.8,0.7,9,6.8,92.74506899,61.61267369,22.46113084
557,1,0.8,0.7,10,6.8,126.5317347,83.75344629,24.95960457
558,3,0.8,0.7,10,6.8,104.0550269,69.02780791,24.95960457
559,1,0.8,0.9,8,6.8,116.3056206,56.06063225,20.09189525
560,3,0.8,0.9,8,6.8,138.5546253,46.23125001,20.09189525
561,1,0.8,0.9,9,6.8,95.76100678,63.58864077,22.60589543
562,3,0.8,0.9,9,6.8,108.6467836,52.43005798,22.60589543
563,1,0.8,0.9,10,6.8,107.4363822,71.24310634,25.12045411
564,3,0.8,0.9,10,6.8,121.9110782,58.73298349,25.12045411
565,1,0.8,1.1,8,6.8,107.1497525,51.71358906,20.15623506
566,3,0.8,1.1,8,6.8,127.6343686,42.65377701,20.15623506
567,1,0.8,1.1,9,6.8,121.7558108,58.65375878,22.67827772
568,3,0.8,1.1,9,6.8,145.0616713,48.36881306,22.67827772
569,1,0.8,1.1,10,6.8,98.99161125,65.71050591,25.20087888
570,3,0.8,1.1,10,6.8,112.3203989,54.17983604,25.20087888
571,1,0.8,1.3,8,6.8,143.0561138,47.70593637,20.22057488
572,3,0.8,1.3,8,6.8,117.5662162,39.35545314,20.22057488
573,1,0.8,1.3,9,6.8,112.1729616,54.10416215,22.75066002
574,3,0.8,1.3,9,6.8,133.6316041,44.62446585,22.75066002
575,1,0.8,1.3,10,6.8,91.20615627,60.60985704,25.28130365
576,3,0.8,1.3,10,6.8,149.9682281,49.98196929,25.28130365
577,2.2,0.5,0.7,8,4.8,75.42888403,24.21440957,17.38962291
578,2.5,0.5,0.7,8,4.8,68.32701246,21.87574674,17.38962291
579,2.8,0.5,0.7,8,4.8,57.07419292,31.32787426,17.38962291
580,2.2,0.5,0.7,9,4.8,85.51589148,27.52806067,19.56583905
581,2.5,0.5,0.7,9,4.8,77.45297365,24.87314684,19.56583905
582,2.8,0.5,0.7,9,4.8,64.67738929,20.66647175,19.56583905
583,2.2,0.5,0.7,10,4.8,95.77374675,30.89745087,21.74261369
584,2.5,0.5,0.7,10,4.8,86.73349104,27.9209709,21.74261369
585,2.8,0.5,0.7,10,4.8,72.409328,23.20477861,21.74261369
586,2.2,0.5,0.9,8,4.8,64.27915591,20.54277815,17.51830254
587,2.5,0.5,0.9,8,4.8,58.24260757,31.99125644,17.51830254
588,2.8,0.5,0.9,8,4.8,48.6765196,26.55998915,17.51830254
589,2.2,0.5,0.9,9,4.8,72.85734918,23.35992455,19.71060364
590,2.5,0.5,0.9,9,4.8,66.00391727,21.10326368,19.71060364
591,2.8,0.5,0.9,9,4.8,55.14331799,30.21921462,19.71060364
592,2.2,0.5,0.9,10,4.8,81.58081291,26.22446543,21.90346323
593,2.5,0.5,0.9,10,4.8,73.89664963,23.69447527,21.90346323
594,2.8,0.5,0.9,10,4.8,61.71959453,19.6852125,21.90346323
595,2.2,0.5,1.1,8,4.8,59.34618679,32.61782748,17.58264236
596,2.5,0.5,1.1,8,4.8,53.7808053,29.45801184,17.58264236
597,2.8,0.5,1.1,8,4.8,44.96081647,24.45035176,17.58264236
598,2.2,0.5,1.1,9,4.8,67.25683609,21.51581799,19.78298593
599,2.5,0.5,1.1,9,4.8,60.93833073,19.43529483,19.78298593
600,2.8,0.5,1.1,9,4.8,50.92479493,27.82429672,19.78298593
601,2.2,0.5,1.1,10,4.8,75.30143966,24.15699862,21.98388801
602,2.5,0.5,1.1,10,4.8,68.21704349,21.82448016,21.98388801
603,2.8,0.5,1.1,10,4.8,56.98972774,31.25502851,21.98388801
604,2.2,0.5,1.3,8,4.8,54.79710355,30.03502801,17.64698218
605,2.5,0.5,1.3,8,4.8,49.66612702,27.12185126,17.64698218
606,2.8,0.5,1.3,8,4.8,41.53408161,22.50477976,17.64698218
607,2.2,0.5,1.3,9,4.8,62.09215746,19.81522064,19.85536823
608,2.5,0.5,1.3,9,4.8,56.26684201,30.85705582,19.85536823
609,2.8,0.5,1.3,9,4.8,47.03434418,25.61563032,19.85536823
610,2.2,0.5,1.3,10,4.8,69.51073008,22.25042301,22.06431278
611,2.5,0.5,1.3,10,4.8,62.9793053,20.0999689,22.06431278
612,2.8,0.5,1.3,10,4.8,52.6277002,28.77884596,22.06431278
613,2.2,0.5,0.7,8,5.2,88.11737332,28.36119989,17.90434145
614,2.5,0.5,0.7,8,5.2,79.8154335,25.63035757,17.90434145
615,2.8,0.5,0.7,8,5.2,66.65525639,21.30144538,17.90434145
616,2.2,0.5,0.7,9,5.2,99.92043536,32.23561013,20.1448974
617,2.5,0.5,0.7,9,5.2,90.49514671,29.13548346,20.1448974
618,2.8,0.5,0.7,9,5.2,75.5542449,24.22118428,20.1448974
619,2.2,0.5,0.7,10,5.2,111.9232326,36.175184,22.38601187
620,2.5,0.5,0.7,10,5.2,101.3555715,32.69956651,22.38601187
621,2.8,0.5,0.7,10,5.2,84.60378889,27.1900419,22.38601187
622,2.2,0.5,0.9,8,5.2,75.05994433,24.06608569,18.03302108
623,2.5,0.5,0.9,8,5.2,68.00369426,21.7450009,18.03302108
624,2.8,0.5,0.9,8,5.2,56.81696612,31.14695782,18.03302108
625,2.2,0.5,0.9,9,5.2,85.09618467,27.35967936,20.28966199
626,2.5,0.5,0.9,9,5.2,77.08514206,24.7247206,20.28966199
627,2.8,0.5,0.9,9,5.2,64.38471976,20.5473506,20.28966199
628,2.2,0.5,0.9,10,5.2,95.30223957,30.70867503,22.54686141
629,2.5,0.5,0.9,10,5.2,86.32023525,27.75456711,22.54686141
630,2.8,0.5,0.9,10,5.2,72.08048475,23.07122938,22.54686141
631,2.2,0.5,1.1,8,5.2,69.28348802,22.1659766,18.0973609
632,2.5,0.5,1.1,8,5.2,62.77816039,20.02611238,18.0973609
633,2.8,0.5,1.1,8,5.2,52.46430881,28.67839874,18.0973609
634,2.2,0.5,1.1,9,5.2,78.53810677,25.2026237,20.36204429
635,2.5,0.5,1.1,9,5.2,71.1525328,22.77339147,20.36204429
636,2.8,0.5,1.1,9,5.2,59.44309739,32.62409097,20.36204429
637,2.2,0.5,1.1,10,5.2,87.94930352,28.29035436,22.62728618
638,2.5,0.5,1.1,10,5.2,79.66857646,25.56689081,22.62728618
639,2.8,0.5,1.1,10,5.2,66.53992335,21.24898395,22.62728618
640,2.2,0.5,1.3,8,5.2,63.95687856,20.41384025,18.16170072
641,2.5,0.5,1.3,8,5.2,57.9594783,31.79492035,18.16170072
642,2.8,0.5,1.3,8,5.2,48.45043673,26.40197778,18.16170072
643,2.2,0.5,1.3,9,5.2,72.49074522,23.21355073,20.43442658
644,2.5,0.5,1.3,9,5.2,65.6818271,20.97398975,20.43442658
645,2.8,0.5,1.3,9,5.2,54.88610183,30.03983581,20.43442658
646,2.2,0.5,1.3,10,5.2,81.16898412,26.06036265,22.70771095
647,2.5,0.5,1.3,10,5.2,73.53480528,23.54954353,22.70771095
648,2.8,0.5,1.3,10,5.2,61.43060665,19.56857138,22.70771095
649,2.2,0.5,0.7,8,5.6,101.4360853,32.71359528,18.41905999
650,2.5,0.5,0.7,8,5.6,91.87506505,29.57131823,18.41905999
651,2.8,0.5,0.7,8,5.6,76.71342559,24.58836969,18.41905999
652,2.2,0.5,0.7,9,5.6,115.040425,37.17656809,20.72395576
653,2.5,0.5,0.7,9,5.6,104.1857733,33.60936948,20.72395576
654,2.8,0.5,0.7,9,5.6,86.97272362,27.9525904,20.72395576
655,2.2,0.5,0.7,10,5.6,128.8748198,41.71459633,23.02941004
656,2.5,0.5,0.7,10,5.6,116.7046467,37.71533463,23.02941004
657,2.8,0.5,0.7,10,5.6,97.40547456,31.37340012,23.02941004
658,2.2,0.5,0.9,8,5.6,86.37477944,27.76362189,18.54773962
659,2.5,0.5,0.9,8,5.6,78.24881536,25.09298321,18.54773962
660,2.8,0.5,0.9,8,5.6,65.36169534,20.85756685,18.54773962
661,2.2,0.5,0.9,9,5.6,97.94128439,31.5572233,20.86872035
662,2.5,0.5,0.9,9,5.6,88.71585572,28.52544143,20.86872035
663,2.8,0.5,0.9,9,5.6,74.08507402,23.71728126,20.86872035
664,2.2,0.5,0.9,10,5.6,109.7033617,35.4146302,23.19025958
665,2.5,0.5,0.9,10,5.6,99.35986424,32.01563551,23.19025958
666,2.8,0.5,0.9,10,5.6,82.95591604,26.62510559,23.19025958
667,2.2,0.5,1.1,8,5.6,79.71240137,25.57399806,18.61207944
668,2.5,0.5,1.1,8,5.6,72.22108635,23.11193997,18.61207944
669,2.8,0.5,1.1,8,5.6,60.33995352,19.20714632,18.61207944
670,2.2,0.5,1.1,9,5.6,90.37746881,29.07150261,20.94110265
671,2.5,0.5,1.1,9,5.6,81.87255892,26.27650711,20.94110265
672,2.8,0.5,1.1,9,5.6,68.38387716,21.84367886,20.94110265
673,2.2,0.5,1.1,10,5.6,101.2228553,32.62783623,23.27068436
674,2.5,0.5,1.1,10,5.6,91.68719927,29.49430774,23.27068436
675,2.8,0.5,1.1,10,5.6,76.56376695,24.52457037,23.27068436
676,2.2,0.5,1.3,8,5.6,73.56920344,23.55500538,18.67641926
677,2.5,0.5,1.3,8,5.6,66.66299382,21.28524509,18.67641926
678,2.8,0.5,1.3,8,5.6,55.70936771,30.49186407,18.67641926
679,2.2,0.5,1.3,9,5.6,83.40307984,26.77948705,21.01348494
680,2.5,0.5,1.3,9,5.6,75.56244165,24.20279327,21.01348494
681,2.8,0.5,1.3,9,5.6,63.12676075,20.11601603,21.01348494
682,2.2,0.5,1.3,10,5.6,93.4032105,30.05820918,23.35110913
683,2.5,0.5,1.3,10,5.6,84.61233212,27.16942335,23.35110913
684,2.8,0.5,1.3,10,5.6,70.6695183,22.58765108,23.35110913
685,2.2,0.5,0.7,8,6,115.38445,37.27141006,18.93377853
686,2.5,0.5,0.7,8,6,104.5052653,33.69842012,18.93377853
687,2.8,0.5,0.7,8,6,87.24801506,28.03071769,18.93377853
688,2.2,0.5,0.7,9,6,130.8752136,42.35072372,21.30301412
689,2.5,0.5,0.7,9,6,118.5241248,38.2945681,21.30301412
690,2.8,0.5,0.7,9,6,98.93204737,31.86043774,21.30301412
691,2.2,0.5,0.7,10,6,146.6277828,47.51545149,23.67280822
692,2.5,0.5,0.7,10,6,132.7798998,42.96800976,23.67280822
693,2.8,0.5,0.7,10,6,110.8135127,35.75457031,23.67280822
694,2.2,0.5,0.9,8,6,98.22317393,31.63522789,19.06245817
695,2.5,0.5,0.9,8,6,88.97742718,28.59869887,19.06245817
696,2.8,0.5,0.9,8,6,74.3101318,23.78160087,19.06245817
697,2.2,0.5,0.9,9,6,111.3920952,35.95237602,21.44777871
698,2.5,0.5,0.9,9,6,100.8954411,32.50522546,21.44777871
699,2.8,0.5,0.9,9,6,84.24372755,27.03672444,21.44777871
700,2.2,0.5,0.9,10,6,124.7835592,40.34212874,23.83365776
701,2.5,0.5,0.9,10,6,113.0148447,36.47745544,23.83365776
702,2.8,0.5,0.9,10,6,94.34515608,30.34660344,23.83365776
703,2.2,0.5,1.1,8,6,90.63247611,29.14225736,19.12679798
704,2.5,0.5,1.1,8,6,82.10908266,26.3429668,19.12679798
705,2.8,0.5,1.1,8,6,68.58722319,21.90205793,19.12679798
706,2.2,0.5,1.1,9,6,102.7744106,33.12228788,21.520161
707,2.5,0.5,1.1,9,6,93.09784087,29.94445689,21.520161
708,2.8,0.5,1.1,9,6,77.74653552,24.90301602,21.520161
709,2.2,0.5,1.1,10,6,115.1215213,37.16925715,23.91408253
710,2.5,0.5,1.1,10,6,104.2722749,33.60652371,23.91408253
711,2.8,0.5,1.1,10,6,87.06058734,27.95445787,23.91408253
712,2.2,0.5,1.3,8,6,83.63366127,26.84367564,19.1911378
713,2.5,0.5,1.3,8,6,75.77621266,24.26309763,19.1911378
714,2.8,0.5,1.3,8,6,63.31039104,20.16901738,19.1911378
715,2.2,0.5,1.3,9,6,94.82868801,30.51287523,21.5925433
716,2.5,0.5,1.3,9,6,85.90816246,27.58333269,21.5925433
717,2.8,0.5,1.3,9,6,71.75577206,22.93562113,21.5925433
718,2.2,0.5,1.3,10,6,106.2128786,34.24378951,23.9945073
719,2.5,0.5,1.3,10,6,96.21129925,30.9594175,23.9945073
720,2.8,0.5,1.3,10,6,80.34381984,25.74876991,23.9945073
721,2.2,0.5,0.7,8,6.4,129.962043,42.03450614,19.44849707
722,2.5,0.5,0.7,8,6.4,117.7055586,38.0115089,19.44849707
723,2.8,0.5,0.7,8,6.4,98.25851816,31.6283253,19.44849707
724,2.2,0.5,0.7,9,6.4,147.4243191,47.7579203,21.88207248
725,2.5,0.5,0.7,9,6.4,133.5096614,43.19090411,21.88207248
726,2.8,0.5,0.7,9,6.4,111.431641,35.94454,21.88207248
727,2.2,0.5,0.7,10,6.4,113.9752913,53.57757378,24.31620639
728,2.5,0.5,0.7,10,6.4,149.5807254,48.45739547,24.31620639
729,2.8,0.5,0.7,10,6.4,124.8272586,40.33334362,24.31620639
730,2.2,0.5,0.9,8,6.4,110.6047623,35.68078476,19.57717671
731,2.5,0.5,0.9,8,6.4,100.1891239,32.26201611,19.57717671
732,2.8,0.5,0.9,8,6.4,83.66184714,26.83719879,19.57717671
733,2.2,0.5,0.9,9,6.4,125.4482021,40.54500251,22.02683707
734,2.5,0.5,0.9,9,6.4,113.6234374,36.6639231,22.02683707
735,2.8,0.5,0.9,9,6.4,94.86019407,30.50552253,22.02683707
736,2.2,0.5,0.9,10,6.4,140.5423668,45.4910193,24.47705594
737,2.5,0.5,0.9,10,6.4,127.2846601,41.1398592,24.47705594
738,2.8,0.5,0.9,10,6.4,106.2476597,34.23554625,24.47705594
739,2.2,0.5,1.1,8,6.4,102.0433731,32.8706441,19.64151652
740,2.5,0.5,1.1,8,6.4,92.44177443,29.71907112,19.64151652
741,2.8,0.5,1.1,8,6.4,77.20572385,24.71807839,19.64151652
742,2.2,0.5,1.1,9,6.4,115.728547,37.35485419,22.09921936
743,2.5,0.5,1.1,9,6.4,104.8279531,33.77710259,22.09921936
744,2.8,0.5,1.1,9,6.4,87.53062527,28.09983925,22.09921936
745,2.2,0.5,1.1,10,6.4,129.6448699,41.91447664,24.55748071
746,2.5,0.5,1.1,10,6.4,117.4233262,37.90338376,24.55748071
747,2.8,0.5,1.1,10,6.4,98.02988317,31.53848391,24.55748071
748,2.2,0.5,1.3,8,6.4,94.14993733,30.27974859,19.70585634
749,2.5,0.5,1.3,8,6.4,85.29878847,27.37449891,19.70585634
750,2.8,0.5,1.3,8,6.4,71.25314436,22.76423827,19.70585634
751,2.2,0.5,1.3,9,6.4,106.7672125,34.41359895,22.17160166
752,2.5,0.5,1.3,9,6.4,96.71859634,31.11548027,22.17160166
753,2.8,0.5,1.3,9,6.4,80.77272443,25.88178666,22.17160166
754,2.2,0.5,1.3,10,6.4,119.5975879,38.61697327,24.63790548
755,2.5,0.5,1.3,10,6.4,108.3312659,34.91938276,24.63790548
756,2.8,0.5,1.3,10,6.4,90.45305012,29.05177831,24.63790548
757,2.2,0.5,0.7,8,6.8,145.1685447,47.00277975,19.96321561
758,2.5,0.5,0.7,8,6.8,131.4755884,42.51046902,19.96321561
759,2.8,0.5,0.7,8,6.8,109.7445561,35.38106996,19.96321561
760,2.2,0.5,0.7,9,6.8,113.6342913,53.39804,22.46113084
761,2.5,0.5,0.7,9,6.8,149.1419781,48.29824634,22.46113084
762,2.8,0.5,0.7,9,6.8,124.4710746,40.20475809,22.46113084
763,2.2,0.5,0.7,10,6.8,92.26790462,59.9008311,24.95960457
764,2.5,0.5,0.7,10,6.8,115.3036022,54.18334471,24.95960457
765,2.8,0.5,0.7,10,6.8,139.4462302,45.1095641,24.95960457
766,2.2,0.5,0.9,8,6.8,123.5192675,39.90020245,20.09189525
767,2.5,0.5,0.9,8,6.8,111.8835991,36.08283559,20.09189525
768,2.8,0.5,0.9,8,6.8,93.41651874,30.02425617,20.09189525
769,2.2,0.5,0.9,9,6.8,140.1092905,45.33500055,22.60589543
770,2.5,0.5,0.9,9,6.8,126.8994969,41.00142157,22.60589543
771,2.8,0.5,0.9,9,6.8,105.9341074,34.12355698,22.60589543
772,2.2,0.5,0.9,10,6.8,108.315808,50.86118727,25.12045411
773,2.5,0.5,0.9,10,6.8,142.1689206,46.00272035,25.12045411
774,2.8,0.5,0.9,10,6.8,118.6630165,38.29180109,25.12045411
775,2.2,0.5,1.1,8,6.8,113.9448343,36.75907443,20.15623506
776,2.5,0.5,1.1,8,6.8,103.2188776,33.24016082,20.15623506
777,2.8,0.5,1.1,8,6.8,86.19515778,27.65511129,20.15623506
778,2.2,0.5,1.1,9,6.8,129.2395852,41.76910635,22.67827772
779,2.5,0.5,1.1,9,6.8,117.0625732,37.77433965,22.67827772
780,2.8,0.5,1.1,9,6.8,97.73580844,31.4340391,22.67827772
781,2.2,0.5,1.1,10,6.8,144.7925728,46.86338797,25.20087888
782,2.5,0.5,1.1,10,6.8,131.1399918,42.38477064,25.20087888
783,2.8,0.5,1.1,10,6.8,109.4712756,35.27652579,25.20087888
784,2.2,0.5,1.3,8,6.8,105.1177913,33.86314612,20.22057488
785,2.5,0.5,1.3,8,6.8,95.23045795,30.61936349,20.22057488
786,2.8,0.5,1.3,8,6.8,79.5373529,25.47085483,20.22057488
787,2.2,0.5,1.3,9,6.8,119.2183804,38.48156955,22.75066002
788,2.5,0.5,1.3,9,6.8,107.9934444,34.79913905,22.75066002
789,2.8,0.5,1.3,9,6.8,90.17730596,28.9544116,22.75066002
790,2.2,0.5,1.3,10,6.8,133.5570325,43.17766103,25.28130365
791,2.5,0.5,1.3,10,6.8,120.9718969,39.04921041,25.28130365
792,2.8,0.5,1.3,10,6.8,100.9968595,32.49656302,25.28130365
793,2.2,0.6,0.7,8,4.8,93.20262149,31.35440689,17.38962291
794,2.5,0.6,0.7,8,4.8,84.21465604,28.39728174,17.38962291
795,2.8,0.6,0.7,8,4.8,69.97334622,23.7117569,17.38962291
796,2.2,0.6,0.7,9,4.8,105.9471095,35.55105232,19.56583905
797,2.5,0.6,0.7,9,4.8,95.74294855,32.19404321,19.56583905
798,2.8,0.6,0.7,9,4.8,79.57459335,26.87490762,19.56583905
799,2.2,0.6,0.7,10,4.8,118.9076263,39.81817713,21.74261369
800,2.5,0.6,0.7,10,4.8,107.4666698,36.0545633,21.74261369
801,2.8,0.6,0.7,10,4.8,89.33862887,30.09116805,21.74261369
802,2.2,0.6,0.9,8,4.8,79.09178181,26.71180795,17.51830254
803,2.5,0.6,0.9,8,4.8,71.45206495,24.19826927,17.51830254
804,2.8,0.6,0.9,8,4.8,59.34544385,20.21507709,17.51830254
805,2.2,0.6,0.9,9,4.8,89.92687887,30.28064739,19.71060364
806,2.5,0.6,0.9,9,4.8,81.25340309,27.42720973,19.71060364
807,2.8,0.6,0.9,9,4.8,67.50858939,22.90538133,19.71060364
808,2.2,0.6,0.9,10,4.8,100.9456633,33.90941484,21.90346323
809,2.5,0.6,0.9,10,4.8,91.22091878,30.71036561,21.90346323
810,2.8,0.6,0.9,10,4.8,75.81016472,25.64084829,21.90346323
811,2.2,0.6,1.1,8,4.8,72.84872945,24.65778502,17.58264236
812,2.5,0.6,1.1,8,4.8,65.80531054,22.34043397,17.58264236
813,2.8,0.6,1.1,8,4.8,54.64293536,32.18604755,17.58264236
814,2.2,0.6,1.1,9,4.8,82.83905553,27.94886454,19.78298593
815,2.5,0.6,1.1,9,4.8,74.84256502,25.31814443,19.78298593
816,2.8,0.6,1.1,9,4.8,62.16976673,21.14899231,19.78298593
817,2.2,0.6,1.1,10,4.8,92.99876025,31.29520384,21.98388801
818,2.5,0.6,1.1,10,4.8,84.03305498,28.34584796,21.98388801
819,2.8,0.6,1.1,10,4.8,69.82424997,23.67172346,21.98388801
820,2.2,0.6,1.3,8,4.8,67.09151425,22.76360708,17.64698218
821,2.5,0.6,1.3,8,4.8,60.59786826,20.6271365,17.64698218
822,2.8,0.6,1.3,8,4.8,50.30613848,29.72596659,17.64698218
823,2.2,0.6,1.3,9,4.8,76.30280981,25.79854209,19.85536823
824,2.5,0.6,1.3,9,4.8,68.93048407,23.37316241,19.85536823
825,2.8,0.6,1.3,9,4.8,57.24614149,19.52919673,19.85536823
826,2.2,0.6,1.3,10,4.8,85.67028876,28.88443192,22.06431278
827,2.5,0.6,1.3,10,4.8,77.40440016,26.16528753,22.06431278
828,2.8,0.6,1.3,10,4.8,64.30385665,21.85573643,22.06431278
829,2.2,0.6,0.7,8,5.2,109.2492424,36.5978211,17.90434145
830,2.5,0.6,0.7,8,5.2,98.74360671,33.14480411,17.90434145
831,2.8,0.6,0.7,8,5.2,82.09014635,27.67110568,17.90434145
832,2.2,0.6,0.7,9,5.2,124.1639284,41.50351913,20.1448974
833,2.5,0.6,0.7,9,5.2,112.2368432,37.58356008,20.1448974
834,2.8,0.6,0.7,9,5.2,93.330111,31.36966833,20.1448974
835,2.2,0.6,0.7,10,5.2,139.3311698,46.49161339,22.38601187
836,2.5,0.6,0.7,10,5.2,125.9585807,42.0968645,22.38601187
837,2.8,0.6,0.7,10,5.2,104.7604457,35.13033922,22.38601187
838,2.2,0.6,0.9,8,5.2,92.72580394,31.16685857,18.03302108
839,2.5,0.6,0.9,8,5.2,83.79651826,28.23196,18.03302108
840,2.8,0.6,0.9,8,5.2,69.64034603,23.57907609,18.03302108
841,2.2,0.6,0.9,9,5.2,105.4048105,35.33814236,20.28966199
842,2.5,0.6,0.9,9,5.2,95.26736105,32.00636546,20.28966199
843,2.8,0.6,0.9,9,5.2,79.19580886,26.72428474,20.28966199
844,2.2,0.6,0.9,10,5.2,118.2985393,39.57947927,22.54686141
845,2.5,0.6,0.9,10,5.2,106.9324809,35.84415382,22.54686141
846,2.8,0.6,0.9,10,5.2,88.91313581,29.92230156,22.54686141
847,2.2,0.6,1.1,8,5.2,85.41602494,28.76426326,18.0973609
848,2.5,0.6,1.1,8,5.2,77.18390047,26.05850927,18.0973609
849,2.8,0.6,1.1,8,5.2,64.1323042,21.76867997,18.0973609
850,2.2,0.6,1.1,9,5.2,97.10599268,32.61065063,20.36204429
851,2.5,0.6,1.1,9,5.2,87.76003278,29.53900491,20.36204429
852,2.8,0.6,1.1,9,5.2,72.94250957,24.6690737,20.36204429
853,2.2,0.6,1.1,10,5.2,108.9939457,36.52163069,22.62728618
854,2.5,0.6,1.1,10,5.2,98.51530148,33.07794379,22.62728618
855,2.8,0.6,1.1,10,5.2,81.90196745,27.61816105,22.62728618
856,2.2,0.6,1.3,8,5.2,78.6755017,26.54877226,18.16170072
857,2.5,0.6,1.3,8,5.2,71.08613063,24.05427996,18.16170072
858,2.8,0.6,1.3,8,5.2,59.05297593,20.09919444,18.16170072
859,2.2,0.6,1.3,9,5.2,89.45345291,30.09556482,20.43442658
860,2.5,0.6,1.3,9,5.2,80.8372132,27.26374914,20.43442658
861,2.8,0.6,1.3,9,5.2,67.1759303,22.77382818,20.43442658
862,2.2,0.6,1.3,10,5.2,100.4139558,33.70191487,22.70771095
863,2.5,0.6,1.3,10,5.2,90.75347027,30.52710649,22.70771095
864,2.8,0.6,1.3,10,5.2,75.43650719,25.49336128,22.70771095
865,2.2,0.6,0.7,8,5.6,126.0927472,42.1012129,18.41905999
866,2.5,0.6,0.7,8,5.6,113.9948224,38.12795675,18.41905999
867,2.8,0.6,0.7,8,5.6,94.81021981,31.82726124,18.41905999
868,2.2,0.6,0.7,9,5.6,143.2853914,47.7511196,20.72395576
869,2.5,0.6,0.7,9,5.6,129.5506726,43.24057086,20.72395576
870,2.8,0.6,0.7,9,5.6,107.7704807,36.08784947,20.72395576
871,2.2,0.6,0.7,10,5.6,110.9305609,53.49593024,23.02941004
872,2.5,0.6,0.7,10,5.6,145.3697375,48.43905877,23.02941004
873,2.8,0.6,0.7,10,5.6,120.9500642,40.41999175,23.02941004
874,2.2,0.6,0.9,8,5.6,107.0351006,35.84221286,18.54773962
875,2.5,0.6,0.9,8,5.6,96.75300725,32.46532043,18.54773962
876,2.8,0.6,0.9,8,5.6,80.44644111,27.10984291,18.54773962
877,2.2,0.6,0.9,9,5.6,121.6493321,40.64573205,20.86872035
878,2.5,0.6,0.9,9,5.6,109.9761184,36.81219167,20.86872035
879,2.8,0.6,0.9,9,5.6,91.46334817,30.73250753,20.86872035
880,2.2,0.6,0.9,10,5.6,136.5108553,45.52993018,23.19025958
881,2.5,0.6,0.9,10,5.6,123.4229971,41.23206709,23.19025958
882,2.8,0.6,0.9,10,5.6,102.6667154,34.41600479,23.19025958
883,2.2,0.6,1.1,8,5.6,98.60493863,33.07354026,18.61207944
884,2.5,0.6,1.1,8,5.6,89.12589106,29.96038782,18.61207944
885,2.8,0.6,1.1,8,5.6,74.09223902,25.0229666,18.61207944
886,2.2,0.6,1.1,9,5.6,112.0786076,37.50265941,20.94110265
887,2.5,0.6,1.1,9,5.6,101.3170881,33.96852385,20.94110265
888,2.8,0.6,1.1,9,5.6,84.2494515,28.36342863,20.94110265
889,2.2,0.6,1.1,10,5.6,125.7802812,42.00616506,23.27068436
890,2.5,0.6,1.1,10,5.6,113.7146029,38.04397104,23.27068436
891,2.8,0.6,1.1,10,5.6,94.57858654,31.7599804,23.27068436
892,2.2,0.6,1.3,8,5.6,90.8317152,30.52062244,18.67641926
893,2.5,0.6,1.3,8,5.6,82.09302387,27.6506212,18.67641926
894,2.8,0.6,1.3,8,5.6,68.23298158,23.0986423,18.67641926
895,2.2,0.6,1.3,9,5.6,103.2537025,34.60451747,21.01348494
896,2.5,0.6,1.3,9,5.6,93.33270608,31.34641379,21.01348494
897,2.8,0.6,1.3,9,5.6,77.59746323,26.1788832,21.01348494
898,2.2,0.6,1.3,10,5.6,115.8859102,38.75699691,23.35110913
899,2.5,0.6,1.3,10,5.6,104.7626157,35.10426807,23.35110913
900,2.8,0.6,1.3,10,5.6,87.1204622,29.31084038,23.35110913
901,2.2,0.6,0.7,8,6,143.7324155,47.8643475,18.93377853
902,2.5,0.6,0.7,8,6,129.967492,43.3464759,18.93377853
903,2.8,0.6,0.7,8,6,108.1327004,36.17994248,18.93377853
904,2.2,0.6,0.7,9,6,112.6843698,54.29358717,21.30301412
905,2.5,0.6,0.7,9,6,147.6835157,49.16477612,21.30301412
906,2.8,0.6,0.7,9,6,122.894719,41.02913192,21.30301412
907,2.2,0.6,0.7,10,6,91.6099933,60.83082881,23.67280822
908,2.5,0.6,0.7,10,6,114.3323842,55.08081041,23.67280822
909,2.8,0.6,0.7,10,6,137.906382,45.95976787,23.67280822
910,2.2,0.6,0.9,8,6,122.0190556,40.73766991,19.06245817
911,2.5,0.6,0.9,8,6,110.3208447,36.89812698,19.06245817
912,2.8,0.6,0.9,8,6,91.76300183,30.80714139,19.06245817
913,2.2,0.6,0.9,9,6,138.659744,46.20318841,21.44777871
914,2.5,0.6,0.9,9,6,125.3788949,41.84443456,21.44777871
915,2.8,0.6,0.9,9,6,104.3103817,34.92978161,21.44777871
916,2.2,0.6,0.9,10,6,107.3514607,51.76051188,23.83365776
917,2.5,0.6,0.9,10,6,140.6915927,46.87382088,23.83365776
918,2.8,0.6,0.9,10,6,117.069978,39.12165741,23.83365776
919,2.2,0.6,1.1,8,6,112.4149006,37.58543019,19.12679798
920,2.5,0.6,1.1,8,6,101.6306496,34.04586374,19.12679798
921,2.8,0.6,1.1,8,6,84.52207324,28.43055096,19.12679798
922,2.2,0.6,1.1,9,6,127.7562535,42.62467991,21.520161
923,2.5,0.6,1.1,9,6,115.5130128,38.60646754,21.520161
924,2.8,0.6,1.1,9,6,96.08983582,32.23181133,21.520161
925,2.2,0.6,1.1,10,6,143.3570417,47.74857042,23.91408253
926,2.5,0.6,1.1,10,6,129.630154,43.24366767,23.91408253
927,2.8,0.6,1.1,10,6,107.8532589,36.09690595,23.91408253
928,2.2,0.6,1.3,8,6,103.5596276,34.67898567,19.1911378
929,2.5,0.6,1.3,8,6,93.61796536,31.41597057,19.1911378
930,2.8,0.6,1.3,8,6,77.84554432,26.23920568,19.1911378
931,2.2,0.6,1.3,9,6,117.7029601,39.32520482,21.5925433
932,2.5,0.6,1.3,9,6,106.4163013,35.62094109,21.5925433
933,2.8,0.6,1.3,9,6,88.51004658,29.7441364,21.5925433
934,2.2,0.6,1.3,10,6,132.0854812,44.04945921,23.9945073
935,2.5,0.6,1.3,10,6,119.4310948,39.8965309,23.9945073
936,2.8,0.6,1.3,10,6,99.35494399,33.30792104,23.9945073
937,2.2,0.6,0.7,8,6.4,111.8957204,53.8870503,19.44849707
938,2.5,0.6,0.7,8,6.4,146.6610142,48.8001664,19.44849707
939,2.8,0.6,0.7,8,6.4,122.0569479,40.72894191,19.44849707
940,2.2,0.6,0.7,9,6.4,92.11959367,61.13072365,21.88207248
941,2.5,0.6,0.7,9,6.4,114.9779363,55.35595431,21.88207248
942,2.8,0.6,0.7,9,6.4,138.7020993,46.19328015,21.88207248
943,2.2,0.6,0.7,10,6.4,103.34183,68.49608693,24.31620639
944,2.5,0.6,0.7,10,6.4,93.47296303,62.02187105,24.31620639
945,2.8,0.6,0.7,10,6.4,107.3837232,51.74940352,24.31620639
946,2.2,0.6,0.9,8,6.4,137.6772069,45.85307936,19.57717671
947,2.5,0.6,0.9,8,6.4,124.4995176,41.53021306,19.57717671
948,2.8,0.6,0.9,8,6.4,103.5894869,34.67079601,19.57717671
949,2.2,0.6,0.9,9,6.4,107.9405102,52.01034072,22.02683707
950,2.5,0.6,0.9,9,6.4,141.4751084,47.102905,22.02683707
951,2.8,0.6,0.9,9,6.4,117.7362951,39.31590769,22.02683707
952,2.2,0.6,0.9,10,6.4,121.102498,58.27103299,24.47705594
953,2.5,0.6,0.9,10,6.4,109.5289542,52.76920316,24.47705594
954,2.8,0.6,0.9,10,6.4,132.1222348,44.039036,24.47705594
955,2.2,0.6,1.1,8,6.4,126.8454823,42.29979348,19.64151652
956,2.5,0.6,1.1,8,6.4,114.6977022,38.31478308,19.64151652
957,2.8,0.6,1.1,8,6.4,95.421309,31.99127156,19.64151652
958,2.2,0.6,1.1,9,6.4,144.1384435,47.97655369,22.09921936
959,2.5,0.6,1.1,9,6.4,130.3472689,43.4526612,22.09921936
960,2.8,0.6,1.1,9,6.4,108.4630974,36.27403846,22.09921936
961,2.2,0.6,1.1,10,6.4,111.5893401,53.74866915,24.55748071
962,2.5,0.6,1.1,10,6.4,146.2613519,48.67683774,24.55748071
963,2.8,0.6,1.1,10,6.4,121.7253511,40.62873216,24.55748071
964,2.2,0.6,1.3,8,6.4,116.858841,39.02373241,19.70585634
965,2.5,0.6,1.3,8,6.4,105.6605173,35.35018581,19.70585634
966,2.8,0.6,1.3,8,6.4,87.89020623,29.52073598,19.70585634
967,2.2,0.6,1.3,9,6.4,132.8007742,44.25747981,22.17160166
968,2.5,0.6,1.3,9,6.4,120.0875019,40.08716952,22.17160166
969,2.8,0.6,1.3,9,6.4,99.91316051,33.46941909,22.17160166
970,2.2,0.6,1.3,10,6.4,149.0121623,49.57913688,24.63790548
971,2.5,0.6,1.3,10,6.4,134.7583506,44.90371393,24.63790548
972,2.8,0.6,1.3,10,6.4,112.1393698,37.48441415,24.63790548
973,2.2,0.6,0.7,8,6.8,90.69911439,60.16919008,19.96321561
974,2.5,0.6,0.7,8,6.8,113.2117075,54.48888216,19.96321561
975,2.8,0.6,0.7,8,6.8,136.5824837,45.4741046,19.96321561
976,2.2,0.6,0.7,9,6.8,103.0352262,68.26238006,22.46113084
977,2.5,0.6,0.7,9,6.8,93.20184238,61.81393958,22.46113084
978,2.8,0.6,0.7,9,6.8,107.082534,51.58011824,22.46113084
979,2.2,0.6,0.7,10,6.8,115.5797174,76.49153755,24.95960457
980,2.5,0.6,0.7,10,6.8,104.5548098,69.26205474,24.95960457
981,2.8,0.6,0.7,10,6.8,120.140083,57.78870148,24.95960457
982,2.2,0.6,0.9,8,6.8,106.266351,51.18832733,20.09189525
983,2.5,0.6,0.9,8,6.8,139.2886388,46.36145302,20.09189525
984,2.8,0.6,0.9,8,6.8,115.9254886,38.70067469,20.09189525
985,2.2,0.6,0.9,9,6.8,120.7336251,58.06705973,22.60589543
986,2.5,0.6,0.9,9,6.8,109.2023803,52.58746038,22.60589543
987,2.8,0.6,0.9,9,6.8,131.7406256,43.89073588,22.60589543
988,2.2,0.6,0.9,10,6.8,98.14876407,65.0613486,25.12045411
989,2.5,0.6,0.9,10,6.8,122.5167939,58.91805403,25.12045411
990,2.8,0.6,0.9,10,6.8,147.8229669,49.16797251,25.12045411
991,2.2,0.6,1.1,8,6.8,141.8963573,47.21652408,20.15623506
992,2.5,0.6,1.1,8,6.8,128.32669,42.76702935,20.15623506
993,2.8,0.6,1.1,8,6.8,106.7895701,35.70500649,20.15623506
994,2.2,0.6,1.1,9,6.8,111.2451171,53.55816035,22.67827772
995,2.5,0.6,1.1,9,6.8,145.819449,48.50697259,22.67827772
996,2.8,0.6,1.1,9,6.8,121.3688092,40.48997164,22.67827772
997,2.2,0.6,1.1,10,6.8,90.43989253,60.00632627,25.20087888
998,2.5,0.6,1.1,10,6.8,112.8893403,54.34333299,25.20087888
999,2.8,0.6,1.1,10,6.8,136.1943842,45.35530389,25.20087888
1000,2.2,0.6,1.3,8,6.8,130.7290517,43.5547639,20.22057488
1001,2.5,0.6,1.3,8,6.8,118.220347,39.4531589,20.22057488
1002,2.8,0.6,1.3,8,6.8,98.36662011,32.94312068,20.22057488
1003,2.2,0.6,1.3,9,6.8,148.5467998,49.40123034,22.75066002
1004,2.5,0.6,1.3,9,6.8,134.3459301,44.74497647,22.75066002
1005,2.8,0.6,1.3,9,6.8,111.8064109,37.35460354,22.75066002
1006,2.2,0.6,1.3,10,6.8,114.9992412,55.34590423,25.28130365
1007,2.5,0.6,1.3,10,6.8,104.0133321,50.12567968,25.28130365
1008,2.8,0.6,1.3,10,6.8,125.4732978,41.84017649,25.28130365
1009,2.2,0.7,0.7,8,4.8,115.9811566,37.36608827,17.38962291
1010,2.5,0.7,0.7,8,4.8,105.0324329,33.76675225,17.38962291
1011,2.8,0.7,0.7,8,4.8,87.68432817,28.06365296,17.38962291
1012,2.2,0.7,0.7,9,4.8,131.5271867,42.46688456,19.56583905
1013,2.5,0.7,0.7,9,4.8,119.0970407,38.38082015,19.56583905
1014,2.8,0.7,0.7,9,4.8,99.40164225,31.9065063,19.56583905
1015,2.2,0.7,0.7,10,4.8,147.3361613,47.65346652,21.74261369
1016,2.5,0.7,0.7,10,4.8,133.3995192,43.07249341,21.74261369
1017,2.8,0.7,0.7,10,4.8,111.3170982,35.81400341,21.74261369
1018,2.2,0.7,0.9,8,4.8,98.79198455,31.71523728,17.51830254
1019,2.5,0.7,0.9,8,4.8,89.48563491,28.6558232,17.51830254
1020,2.8,0.7,0.9,8,4.8,74.73790918,23.80758501,17.51830254
1021,2.2,0.7,0.9,9,4.8,112.0122254,36.0518844,19.71060364
1022,2.5,0.7,0.9,9,4.8,101.4466757,32.5787541,19.71060364
1023,2.8,0.7,0.9,9,4.8,84.70350183,27.07490188,19.71060364
1024,2.2,0.7,0.9,10,4.8,125.4560458,40.46147435,21.90346323
1025,2.5,0.7,0.9,10,4.8,113.6099834,36.56767461,21.90346323
1026,2.8,0.7,0.9,10,4.8,94.83758762,30.39718964,21.90346323
1027,2.2,0.7,1.1,8,4.8,91.18698699,29.21513385,17.58264236
1028,2.5,0.7,1.1,8,4.8,82.60701992,26.39451427,17.58264236
1029,2.8,0.7,1.1,8,4.8,69.00953089,21.92441041,17.58264236
1030,2.2,0.7,1.1,9,4.8,103.37823,33.21369881,19.78298593
1031,2.5,0.7,1.1,9,4.8,93.63734638,30.01165453,19.78298593
1032,2.8,0.7,1.1,9,4.8,78.20004257,24.93707072,19.78298593
1033,2.2,0.7,1.1,10,4.8,115.7756363,37.27952453,21.98388801
1034,2.5,0.7,1.1,10,4.8,104.8541871,33.68964507,21.98388801
1035,2.8,0.7,1.1,10,4.8,87.54592879,28.00042198,21.98388801
1036,2.2,0.7,1.3,8,4.8,84.17381378,26.9095896,17.64698218
1037,2.5,0.7,1.3,8,4.8,76.26355465,24.30913303,17.64698218
1038,2.8,0.7,1.3,8,4.8,63.72664556,20.18768932,17.64698218
1039,2.2,0.7,1.3,9,4.8,95.41613602,30.5963821,19.85536823
1040,2.5,0.7,1.3,9,4.8,86.43557549,27.64427287,19.85536823
1041,2.8,0.7,1.3,9,4.8,72.2023539,22.96549757,19.85536823
1042,2.2,0.7,1.3,10,4.8,106.8485606,34.34519549,22.06431278
1043,2.5,0.7,1.3,10,4.8,96.77958337,31.03552349,22.06431278
1044,2.8,0.7,1.3,10,4.8,80.82133842,25.79004967,22.06431278
1045,2.2,0.7,0.7,8,5.2,135.5156,43.74823602,17.90434145
1046,2.5,0.7,0.7,8,5.2,122.7193406,39.54531332,17.90434145
1047,2.8,0.7,0.7,8,5.2,102.4347993,32.88286958,17.90434145
1048,2.2,0.7,0.7,9,5.2,106.0554169,49.71207274,20.1448974
1049,2.5,0.7,0.7,9,5.2,139.1759579,44.94080028,20.1448974
1050,2.8,0.7,0.7,9,5.2,116.1469949,37.37741244,20.1448974
1051,2.2,0.7,0.7,10,5.2,118.8171786,55.77620002,22.38601187
1052,2.5,0.7,0.7,10,5.2,107.5783835,50.42702568,22.38601187
1053,2.8,0.7,0.7,10,5.2,130.090904,41.94755183,22.38601187
1054,2.2,0.7,0.9,8,5.2,115.3894304,37.13780932,18.03302108
1055,2.5,0.7,0.9,8,5.2,104.5132245,33.56552692,18.03302108
1056,2.8,0.7,0.9,8,5.2,87.27047416,27.90215732,18.03302108
1057,2.2,0.7,0.9,9,5.2,130.8543386,42.20773608,20.28966199
1058,2.5,0.7,0.9,9,5.2,118.5066232,38.15238366,20.28966199
1059,2.8,0.7,0.9,9,5.2,98.93099394,31.72317204,20.28966199
1060,2.2,0.7,0.9,10,5.2,146.5806011,47.36292968,22.54686141
1061,2.5,0.7,0.9,10,5.2,132.7364909,42.81638844,22.54686141
1062,2.8,0.7,0.9,10,5.2,110.7885305,35.6084635,22.54686141
1063,2.2,0.7,1.1,8,5.2,106.4858446,34.21343263,18.0973609
1064,2.5,0.7,1.1,8,5.2,96.45880727,30.92005906,18.0973609
1065,2.8,0.7,1.1,8,5.2,80.56147199,25.69859013,18.0973609
1066,2.2,0.7,1.1,9,5.2,120.7461313,38.8879039,20.36204429
1067,2.5,0.7,1.1,9,5.2,109.3624738,35.14917641,20.36204429
1068,2.8,0.7,1.1,9,5.2,91.31428915,29.22162247,20.36204429
1069,2.2,0.7,1.1,10,5.2,135.2474005,43.64099571,22.62728618
1070,2.5,0.7,1.1,10,5.2,122.4841804,39.44942935,22.62728618
1071,2.8,0.7,1.1,10,5.2,102.2487726,32.80392344,22.62728618
1072,2.2,0.7,1.3,8,5.2,98.27563368,31.51679446,18.16170072
1073,2.5,0.7,1.3,8,5.2,89.03149419,28.48056315,18.16170072
1074,2.8,0.7,1.3,8,5.2,74.37465907,23.66653565,18.16170072
1075,2.2,0.7,1.3,9,5.2,111.4251099,35.8266067,20.43442658
1076,2.5,0.7,1.3,9,5.2,100.9302733,32.37979411,20.43442658
1077,2.8,0.7,1.3,9,5.2,84.29042385,26.9147788,20.43442658
1078,2.2,0.7,1.3,10,5.2,124.7967833,40.20891077,22.70771095
1079,2.5,0.7,1.3,10,5.2,113.0300985,36.34461637,22.70771095
1080,2.8,0.7,1.3,10,5.2,94.37369919,30.21767228,22.70771095
1081,2.2,0.7,0.7,8,5.6,107.6537917,50.44682176,18.41905999
1082,2.5,0.7,0.7,8,5.6,141.2853674,45.61067745,18.41905999
1083,2.8,0.7,0.7,8,5.6,117.9195552,37.94163431,18.41905999
1084,2.2,0.7,0.7,9,5.6,122.116839,57.31648997,20.72395576
1085,2.5,0.7,0.7,9,5.6,110.5744836,51.82636705,20.72395576
1086,2.8,0.7,0.7,9,5.6,133.7259272,43.12026013,20.72395576
1087,2.2,0.7,0.7,10,5.6,99.14796609,64.30167278,23.02941004
1088,2.5,0.7,0.7,10,5.6,123.8831247,58.14658002,23.02941004
1089,2.8,0.7,0.7,10,5.6,149.7992532,48.38597967,23.02941004
1090,2.2,0.7,0.9,8,5.6,132.8088012,42.82852927,18.54773962
1091,2.5,0.7,0.9,8,5.6,120.2857656,38.71826341,18.54773962
1092,2.8,0.7,0.9,8,5.6,100.4252467,32.1997151,18.54773962
1093,2.2,0.7,0.9,9,5.6,103.934371,48.66799656,20.86872035
1094,2.5,0.7,0.9,9,5.6,136.4122597,44.00191066,20.86872035
1095,2.8,0.7,0.9,9,5.6,113.8648328,36.60187684,20.86872035
1096,2.2,0.7,0.9,10,5.6,116.4383572,54.60566416,23.19025958
1097,2.5,0.7,0.9,10,5.6,105.4396714,49.3744167,23.19025958
1098,2.8,0.7,0.9,10,5.6,127.5313733,41.07808249,23.19025958
1099,2.2,0.7,1.1,8,5.6,122.5413182,39.45857281,18.61207944
1100,2.5,0.7,1.1,8,5.6,110.9963491,35.66932442,18.61207944
1101,2.8,0.7,1.1,8,5.6,92.68617099,29.6596234,18.61207944
1102,2.2,0.7,1.1,9,5.6,138.9729636,44.84233008,20.94110265
1103,2.5,0.7,1.1,9,5.6,125.8660881,40.54067196,20.94110265
1104,2.8,0.7,1.1,9,5.6,105.0787458,33.71829546,20.94110265
1105,2.2,0.7,1.1,10,5.6,107.4206698,50.31662867,23.27068436
1106,2.5,0.7,1.1,10,5.6,140.9869516,45.49394889,23.27068436
1107,2.8,0.7,1.1,10,5.6,117.6805804,37.84523851,23.27068436
1108,2.2,0.7,1.3,8,5.6,113.073951,36.35122746,18.67641926
1109,2.5,0.7,1.3,8,5.6,102.4306958,32.85793641,18.67641926
1110,2.8,0.7,1.3,8,5.6,85.54991117,27.31738578,18.67641926
1111,2.2,0.7,1.3,9,5.6,128.2247665,41.31478689,21.01348494
1112,2.5,0.7,1.3,9,5.6,116.1415969,37.34910762,21.01348494
1113,2.8,0.7,1.3,9,5.6,96.97702917,31.05932344,21.01348494
1114,2.2,0.7,1.3,10,5.6,143.6314568,46.36182549,23.35110913
1115,2.5,0.7,1.3,10,5.6,130.0840378,41.9158187,23.35110913
1116,2.8,0.7,1.3,10,5.6,108.5970903,34.86420881,23.35110913
1117,2.2,0.7,0.7,8,6,122.4704758,57.46155968,18.93377853
1118,2.5,0.7,0.7,8,6,110.9033731,51.96252357,18.93377853
1119,2.8,0.7,0.7,8,6,134.1375419,43.239605,18.93377853
1120,2.2,0.7,0.7,9,6,100.6792306,65.27981176,21.30301412
1121,2.5,0.7,0.7,9,6,91.16333553,59.037156,21.30301412
1122,2.8,0.7,0.7,9,6,104.9746976,49.13466094,21.30301412
1123,2.2,0.7,0.7,10,6,112.8132065,73.22952104,23.67280822
1124,2.5,0.7,0.7,10,6,102.1442211,66.23074782,23.67280822
1125,2.8,0.7,0.7,10,6,117.6041552,55.12885145,23.67280822
1126,2.2,0.7,0.9,8,6,104.2240494,48.7871526,19.06245817
1127,2.5,0.7,0.9,8,6,136.8024219,44.11376055,19.06245817
1128,2.8,0.7,0.9,8,6,114.2013421,36.6999709,19.06245817
1129,2.2,0.7,0.9,9,6,118.2224803,55.43238827,21.44777871
1130,2.5,0.7,0.9,9,6,107.0622187,50.12702617,21.44777871
1131,2.8,0.7,0.9,9,6,129.5040139,41.71068996,21.44777871
1132,2.2,0.7,0.9,10,6,95.98350753,62.18936657,23.83365776
1133,2.5,0.7,0.9,10,6,119.9446321,56.24141307,23.83365776
1134,2.8,0.7,0.9,10,6,145.0649899,46.80568078,23.83365776
1135,2.2,0.7,1.1,8,6,139.3527143,44.95032819,19.12679798
1136,2.5,0.7,1.1,8,6,126.2188754,40.64205972,19.12679798
1137,2.8,0.7,1.1,8,6,105.3828169,33.80724668,19.12679798
1138,2.2,0.7,1.1,9,6,109.0599783,51.07672056,21.520161
1139,2.5,0.7,1.1,9,6,143.1473153,46.1858567,21.520161
1140,2.8,0.7,1.1,9,6,119.492492,38.42679053,21.520161
1141,2.2,0.7,1.1,10,6,122.1844705,57.30613551,23.91408253
1142,2.5,0.7,1.1,10,6,110.6494494,51.82288474,23.91408253
1143,2.8,0.7,1.1,10,6,133.8403201,43.12403177,23.91408253
1144,2.2,0.7,1.3,8,6,128.568124,41.41267931,19.1911378
1145,2.5,0.7,1.3,8,6,116.4604505,37.44102198,19.1911378
1146,2.8,0.7,1.3,8,6,97.25165831,31.13999805,19.1911378
1147,2.2,0.7,1.3,9,6,145.8143773,47.06068507,21.5925433
1148,2.5,0.7,1.3,9,6,132.0687413,42.55195136,21.5925433
1149,2.8,0.7,1.3,9,6,110.2613258,35.39885714,21.5925433
1150,2.2,0.7,1.3,10,6,112.7127176,52.8036733,23.9945073
1151,2.5,0.7,1.3,10,6,147.9404987,47.7488367,23.9945073
1152,2.8,0.7,1.3,10,6,123.4905656,39.72935169,23.9945073
1153,2.2,0.7,0.7,8,6.4,99.96765661,64.7922373,19.44849707
1154,2.5,0.7,0.7,8,6.4,90.52554298,58.60061417,19.44849707
1155,2.8,0.7,0.7,8,6.4,104.2507068,48.77652911,19.44849707
1156,2.2,0.7,0.7,9,6.4,113.4176834,73.60179693,21.88207248
1157,2.5,0.7,0.7,9,6.4,102.6982581,66.57289749,21.88207248
1158,2.8,0.7,0.7,9,6.4,118.25224,55.42032819,21.88207248
1159,2.2,0.7,0.7,10,6.4,127.0947106,82.55947438,24.31620639
1160,2.5,0.7,0.7,10,6.4,115.0764077,74.67922676,24.31620639
1161,2.8,0.7,0.7,10,6.4,96.00728361,62.17584577,24.31620639
1162,2.2,0.7,0.9,8,6.4,117.3762489,55.01349627,19.57717671
1163,2.5,0.7,0.9,8,6.4,106.3031728,49.75181556,19.57717671
1164,2.8,0.7,0.9,8,6.4,128.5981017,41.40271107,19.57717671
1165,2.2,0.7,0.9,9,6.4,96.48795735,62.50070342,22.02683707
1166,2.5,0.7,0.9,9,6.4,120.5823599,56.52749997,22.02683707
1167,2.8,0.7,0.9,9,6.4,145.8477898,47.04936885,22.02683707
1168,2.2,0.7,0.9,10,6.4,108.1136019,70.11380398,24.47705594
1169,2.5,0.7,0.9,10,6.4,97.90037169,63.41711944,24.47705594
1170,2.8,0.7,0.9,10,6.4,112.7380943,52.79098645,24.47705594
1171,2.2,0.7,1.1,8,6.4,108.2744627,50.68852888,19.64151652
1172,2.5,0.7,1.1,8,6.4,142.1258097,45.8380776,19.64151652
1173,2.8,0.7,1.1,8,6.4,118.650804,38.14126342,19.64151652
1174,2.2,0.7,1.1,9,6.4,122.8203222,57.59088249,22.09921936
1175,2.5,0.7,1.1,9,6.4,111.2317957,52.08451791,22.09921936
1176,2.8,0.7,1.1,9,6.4,134.5548401,43.34688453,22.09921936
1177,2.2,0.7,1.1,10,6.4,99.71858708,64.60930003,24.55748071
1178,2.5,0.7,1.1,10,6.4,90.30357726,58.4359984,24.55748071
1179,2.8,0.7,1.1,10,6.4,104.0017824,48.64005308,24.55748071
1180,2.2,0.7,1.3,8,6.4,144.7576685,46.70099233,19.70585634
1181,2.5,0.7,1.3,8,6.4,131.1202256,42.22964671,19.70585634
1182,2.8,0.7,1.3,8,6.4,109.4793434,35.1341916,19.70585634
1183,2.2,0.7,1.3,9,6.4,113.293441,53.06412224,22.17160166
1184,2.5,0.7,1.3,9,6.4,148.7111019,47.98812875,22.17160166
1185,2.8,0.7,1.3,9,6.4,124.1426814,39.93317459,22.17160166
1186,2.2,0.7,1.3,10,6.4,91.97854525,59.53425351,24.63790548
1187,2.5,0.7,1.3,10,6.4,114.9531743,53.84344999,24.63790548
1188,2.8,0.7,1.3,10,6.4,139.0534161,44.81287076,24.63790548
1189,2.2,0.7,0.7,8,6.8,111.6725531,72.43869486,19.96321561
1190,2.5,0.7,0.7,8,6.8,101.1247491,65.52477141,19.96321561
1191,2.8,0.7,0.7,8,6.8,116.4514999,54.55221803,19.96321561
1192,2.2,0.7,0.7,9,6.8,126.7055424,82.28226409,22.46113084
1193,2.5,0.7,0.7,9,6.8,114.7308942,74.43338963,22.46113084
1194,2.8,0.7,0.7,9,6.8,95.72685576,61.97704777,22.46113084
1195,2.2,0.7,0.7,10,6.8,141.9921655,92.29132946,24.95960457
1196,2.5,0.7,0.7,10,6.8,128.5665912,83.49179052,24.95960457
1197,2.8,0.7,0.7,10,6.8,107.2599001,69.52672258,24.95960457
1198,2.2,0.7,0.9,8,6.8,94.99592551,61.50742171,20.09189525
1199,2.5,0.7,0.9,8,6.8,118.7253585,55.63227551,20.09189525
1200,2.8,0.7,0.9,8,6.8,143.6150298,46.30777486,20.09189525
1201,2.2,0.7,0.9,9,6.8,107.7729997,69.87278468,22.60589543
1202,2.5,0.7,0.9,9,6.8,97.59747359,63.20315849,22.60589543
1203,2.8,0.7,0.9,9,6.8,112.3979624,52.61773105,22.60589543
1204,2.2,0.7,0.9,10,6.8,120.7656331,78.37879999,25.12045411
1205,2.5,0.7,0.9,10,6.8,109.3571741,70.9013412,25.12045411
1206,2.8,0.7,0.9,10,6.8,91.25069988,59.03379491,25.12045411
1207,2.2,0.7,1.1,8,6.8,120.9165051,56.67304582,20.15623506
1208,2.5,0.7,1.1,8,6.8,109.5145336,51.25723627,20.15623506
1209,2.8,0.7,1.1,8,6.8,132.4896748,42.66152524,20.15623506
1210,2.2,0.7,1.1,9,6.8,99.40004753,64.38466932,22.67827772
1211,2.5,0.7,1.1,9,6.8,90.0200747,58.23649462,22.67827772
1212,2.8,0.7,1.1,9,6.8,103.6830369,48.47840903,22.67827772
1213,2.2,0.7,1.1,10,6.8,111.3781596,72.22595795,25.20087888
1214,2.5,0.7,1.1,10,6.8,100.8616484,65.33310943,25.20087888
1215,2.8,0.7,1.1,10,6.8,116.1550833,54.39311357,25.20087888
1216,2.2,0.7,1.3,8,6.8,111.5331284,52.21604632,20.22057488
1217,2.5,0.7,1.3,8,6.8,146.4096163,47.22367911,20.22057488
1218,2.8,0.7,1.3,8,6.8,122.2325442,39.29982947,20.22057488
1219,2.2,0.7,1.3,9,6.8,91.68069666,59.32496194,22.75066002
1220,2.5,0.7,1.3,9,6.8,114.5870712,53.65749053,22.75066002
1221,2.8,0.7,1.3,9,6.8,138.6206165,44.66212031,22.75066002
1222,2.2,0.7,1.3,10,6.8,102.7234821,66.55341313,25.28130365
1223,2.5,0.7,1.3,10,6.8,93.02921836,60.19949123,25.28130365
1224,2.8,0.7,1.3,10,6.8,107.146722,50.11459169,25.28130365
1225,2.2,0.8,0.7,8,4.8,134.2577844,44.94641319,17.38962291
1226,2.5,0.8,0.7,8,4.8,121.3326727,40.70043966,17.38962291
1227,2.8,0.8,0.7,8,4.8,100.8530077,33.97275198,17.38962291
1228,2.2,0.8,0.7,9,4.8,105.2835697,50.97147618,19.56583905
1229,2.5,0.8,0.7,9,4.8,137.9110303,46.15133123,19.56583905
1230,2.8,0.8,0.7,9,4.8,114.6605079,38.51387669,19.56583905
1231,2.2,0.8,0.7,10,4.8,118.143295,57.09773663,21.74261369
1232,2.5,0.8,0.7,10,4.8,106.7912954,51.69377032,21.74261369
1233,2.8,0.8,0.7,10,4.8,128.701747,43.13125873,21.74261369
1234,2.2,0.8,0.9,8,4.8,113.9657416,38.28036045,17.51830254
1235,2.5,0.8,0.9,8,4.8,102.979474,34.67130836,17.51830254
1236,2.8,0.8,0.9,8,4.8,85.56959054,28.95206156,17.51830254
1237,2.2,0.8,0.9,9,4.8,129.5473683,43.40399131,19.71060364
1238,2.5,0.8,0.9,9,4.8,117.0746807,39.30689694,19.71060364
1239,2.8,0.8,0.9,9,4.8,97.30927514,32.814252,19.71060364
1240,2.2,0.8,0.9,10,4.8,145.3927416,48.61366951,21.90346323
1241,2.5,0.8,0.9,10,4.8,131.4084927,44.02033048,21.90346323
1242,2.8,0.8,0.9,10,4.8,109.2477235,36.7412891,21.90346323
1243,2.2,0.8,1.1,8,4.8,104.9879424,35.33110178,17.58264236
1244,2.5,0.8,1.1,8,4.8,94.85917886,32.00374473,17.58264236
1245,2.8,0.8,1.1,8,4.8,78.80716493,26.73056587,17.58264236
1246,2.2,0.8,1.1,9,4.8,119.3548909,40.05591243,19.78298593
1247,2.5,0.8,1.1,9,4.8,107.855726,36.27860596,19.78298593
1248,2.8,0.8,1.1,9,4.8,89.63190697,30.2923495,19.78298593
1249,2.2,0.8,1.1,10,4.8,133.9650408,44.86006756,21.98388801
1250,2.5,0.8,1.1,10,4.8,121.0722956,40.6252495,21.98388801
1251,2.8,0.8,1.1,10,4.8,100.6399373,33.91393094,21.98388801
1252,2.2,0.8,1.3,8,4.8,96.70879952,32.61135575,17.64698218
1253,2.5,0.8,1.3,8,4.8,87.37063501,29.54371502,17.64698218
1254,2.8,0.8,1.3,8,4.8,72.5706496,24.68183472,17.64698218
1255,2.2,0.8,1.3,9,4.8,109.9555967,36.96838257,19.85536823
1256,2.5,0.8,1.3,9,4.8,99.3539973,33.48591314,19.85536823
1257,2.8,0.8,1.3,9,4.8,82.55160367,27.96657403,19.85536823
1258,2.2,0.8,1.3,10,4.8,123.426649,41.39857262,22.06431278
1259,2.5,0.8,1.3,10,4.8,111.5402449,37.4943026,22.06431278
1260,2.8,0.8,1.3,10,4.8,92.70157415,31.30645494,22.06431278
1261,2.2,0.8,0.7,8,5.2,108.5403057,52.47514356,17.90434145
1262,2.5,0.8,0.7,8,5.2,142.1999399,47.51714619,17.90434145
1263,2.8,0.8,0.7,8,5.2,118.2558356,39.65776335,17.90434145
1264,2.2,0.8,0.7,9,5.2,123.3366555,59.51829622,20.1448974
1265,2.5,0.8,0.7,9,5.2,111.504273,53.88984239,20.1448974
1266,2.8,0.8,0.7,9,5.2,134.4169028,44.96765664,20.1448974
1267,2.2,0.8,0.7,10,5.2,100.277696,66.6797571,22.38601187
1268,2.5,0.8,0.7,10,5.2,90.66447182,60.36957863,22.38601187
1269,2.8,0.8,0.7,10,5.2,104.0874052,50.36672774,22.38601187
1270,2.2,0.8,0.9,8,5.2,133.5476302,44.67712287,18.03302108
1271,2.5,0.8,0.9,8,5.2,120.7092325,40.46306326,18.03302108
1272,2.8,0.8,0.9,8,5.2,100.3556929,33.78224289,18.03302108
1273,2.2,0.8,0.9,9,5.2,104.7264876,50.66577046,20.28966199
1274,2.5,0.8,0.9,9,5.2,137.2022187,45.88185506,20.28966199
1275,2.8,0.8,0.9,9,5.2,114.0950567,38.29760558,20.28966199
1276,2.2,0.8,0.9,10,5.2,117.5178429,56.75500349,22.54686141
1277,2.5,0.8,0.9,10,5.2,106.2421683,51.3916549,22.54686141
1278,2.8,0.8,0.9,10,5.2,128.0668322,42.88879262,22.54686141
1279,2.2,0.8,1.1,8,5.2,123.0377357,41.22736826,18.0973609
1280,2.5,0.8,1.1,8,5.2,111.2017063,37.34232477,18.0973609
1281,2.8,0.8,1.1,8,5.2,92.4363101,31.18279458,18.0973609
1282,2.2,0.8,1.1,9,5.2,139.8457443,46.74951494,20.36204429
1283,2.5,0.8,1.1,9,5.2,126.408423,42.33910761,20.36204429
1284,2.8,0.8,1.1,9,5.2,105.1042636,35.34664096,20.36204429
1285,2.2,0.8,1.1,10,5.2,108.28724,52.36440672,22.62728618
1286,2.5,0.8,1.1,10,5.2,141.8723519,47.41980591,22.62728618
1287,2.8,0.8,1.1,10,5.2,117.9865205,39.58040385,22.62728618
1288,2.2,0.8,1.3,8,5.2,113.346309,38.04626646,18.16170072
1289,2.5,0.8,1.3,8,5.2,102.4344211,34.46456203,18.16170072
1290,2.8,0.8,1.3,8,5.2,85.13332544,28.78567203,18.16170072
1291,2.2,0.8,1.3,9,5.2,128.8431682,43.13824142,20.43442658
1292,2.5,0.8,1.3,9,5.2,116.4550152,39.07219287,20.43442658
1293,2.8,0.8,1.3,9,5.2,96.81326093,32.62536206,20.43442658
1294,2.2,0.8,1.3,10,5.2,144.6021433,48.3157317,22.70771095
1295,2.5,0.8,1.3,10,5.2,130.7127742,43.75719879,22.70771095
1296,2.8,0.8,1.3,10,5.2,108.690801,36.5295206,22.70771095
1297,2.2,0.8,0.7,8,5.6,90.74799719,60.37716148,18.41905999
1298,2.5,0.8,0.7,8,5.6,113.23194,54.67218128,18.41905999
1299,2.8,0.8,0.7,8,5.6,136.5248616,45.62535877,18.41905999
1300,2.2,0.8,0.7,9,5.6,103.1057962,68.48888248,20.72395576
1301,2.5,0.8,0.7,9,5.6,93.23352629,62.01243336,20.72395576
1302,2.8,0.8,0.7,9,5.6,107.058074,51.74223371,20.72395576
1303,2.2,0.8,0.7,10,5.6,115.672434,76.73687082,23.02941004
1304,2.5,0.8,0.7,10,5.6,104.6038899,69.47598692,23.02941004
1305,2.8,0.8,0.7,10,5.6,120.1312838,57.96184918,23.02941004
1306,2.2,0.8,0.9,8,5.6,106.3283821,51.3902072,18.54773962
1307,2.5,0.8,0.9,8,5.6,139.3177738,46.54151291,18.54773962
1308,2.8,0.8,0.9,8,5.6,115.875782,38.85187698,18.54773962
1309,2.2,0.8,0.9,9,5.6,120.8247743,58.28664688,20.86872035
1310,2.5,0.8,0.9,9,5.6,109.2458886,52.78227688,20.86872035
1311,2.8,0.8,0.9,9,5.6,131.7140796,44.05279246,20.86872035
1312,2.2,0.8,0.9,10,5.6,98.23635259,65.29892901,23.19025958
1313,2.5,0.8,0.9,10,5.6,122.5842073,59.12786354,23.19025958
1314,2.8,0.8,0.9,10,5.6,147.8201051,49.34105418,23.19025958
1315,2.2,0.8,1.1,8,5.6,141.9800732,47.41482234,18.61207944
1316,2.5,0.8,1.1,8,5.6,128.3531849,42.9448178,18.61207944
1317,2.8,0.8,1.1,8,5.6,106.7411088,35.85544595,18.61207944
1318,2.2,0.8,1.1,9,5.6,111.3313882,53.77368157,20.94110265
1319,2.5,0.8,1.1,9,5.6,145.8794631,48.6992105,20.94110265
1320,2.8,0.8,1.1,9,5.6,121.3436402,40.65116223,20.94110265
1321,2.2,0.8,1.1,10,5.6,90.52349107,60.23934828,23.27068436
1322,2.5,0.8,1.1,10,5.6,112.9543674,54.55025159,23.27068436
1323,2.8,0.8,1.1,10,5.6,136.1930258,45.52741469,23.27068436
1324,2.2,0.8,1.3,8,5.6,130.8054434,43.7492279,18.67641926
1325,2.5,0.8,1.3,8,5.6,118.2428763,39.62835081,18.67641926
1326,2.8,0.8,1.3,8,5.6,98.31795805,33.09241441,18.67641926
1327,2.2,0.8,1.3,9,5.6,148.6634706,49.61239879,21.01348494
1328,2.5,0.8,1.3,9,5.6,134.4014016,44.93426673,21.01348494
1329,2.8,0.8,1.3,9,5.6,111.7809802,37.51449348,21.01348494
1330,2.2,0.8,1.3,10,5.6,115.1081058,55.57404626,23.35110913
1331,2.5,0.8,1.3,10,5.6,104.074814,50.32929361,23.35110913
1332,2.8,0.8,1.3,10,5.6,125.4716087,42.0108291,23.35110913
1333,2.2,0.8,0.7,8,6,103.4151805,68.65212979,18.93377853
1334,2.5,0.8,0.7,8,6,93.52223573,62.1651662,18.93377853
1335,2.8,0.8,0.7,8,6,107.4046018,51.87513461,18.93377853
1336,2.2,0.8,0.7,9,6,117.486079,77.88285219,21.30301412
1337,2.5,0.8,0.7,9,6,106.2548397,70.51867419,21.30301412
1338,2.8,0.8,0.7,9,6,122.0460104,58.83714969,21.30301412
1339,2.2,0.8,0.7,10,6,131.7946391,87.26864867,23.67280822
1340,2.5,0.8,0.7,10,6,119.2025103,79.01251318,23.67280822
1341,2.8,0.8,0.7,10,6,99.22807981,65.91610934,23.67280822
1342,2.2,0.8,0.9,8,6,121.1773033,58.41932501,19.06245817
1343,2.5,0.8,0.9,8,6,109.5748371,52.90633628,19.06245817
1344,2.8,0.8,0.9,8,6,132.1288145,44.16062473,19.06245817
1345,2.2,0.8,0.9,9,6,99.76945734,66.26629312,21.44777871
1346,2.5,0.8,0.9,9,6,90.2245146,60.00779796,21.44777871
1347,2.8,0.8,0.9,9,6,103.6139601,50.07942769,21.44777871
1348,2.2,0.8,0.9,10,6,111.9312941,74.24507894,23.83365776
1349,2.5,0.8,0.9,10,6,101.2297905,67.22854784,23.83365776
1350,2.8,0.8,0.9,10,6,116.269288,56.09764223,23.83365776
1351,2.2,0.8,1.1,8,6,111.6517542,53.8931972,19.12679798
1352,2.5,0.8,1.1,8,6,146.3127064,48.8109282,19.12679798
1353,2.8,0.8,1.1,8,6,121.7206047,40.74820911,19.12679798
1354,2.2,0.8,1.1,9,6,91.93312157,61.12810939,21.520161
1355,2.5,0.8,1.1,9,6,114.7247927,55.35857902,21.520161
1356,2.8,0.8,1.1,9,6,138.3489512,46.20556041,21.520161
1357,2.2,0.8,1.1,10,6,103.1454294,68.48455264,23.91408253
1358,2.5,0.8,1.1,10,6,93.28001472,62.01621028,23.91408253
1359,2.8,0.8,1.1,10,6,107.1281828,51.7545678,23.91408253
1360,2.2,0.8,1.3,8,6,149.0854458,49.71999319,19.1911378
1361,2.5,0.8,1.3,8,6,134.7951645,45.03480909,19.1911378
1362,2.8,0.8,1.3,8,6,112.1236706,37.60177681,19.1911378
1363,2.2,0.8,1.3,9,6,116.8967948,56.39057439,21.5925433
1364,2.5,0.8,1.3,9,6,105.702623,51.07182562,21.5925433
1365,2.8,0.8,1.3,9,6,127.4537662,42.63364465,21.5925433
1366,2.2,0.8,1.3,10,6,95.04464054,63.17320209,23.9945073
1367,2.5,0.8,1.3,10,6,118.6110342,57.21024051,23.9945073
1368,2.8,0.8,1.3,10,6,143.0428812,47.7500176,23.9945073
1369,2.2,0.8,0.7,8,6.4,116.6535602,77.29979785,19.44849707
1370,2.5,0.8,0.7,8,6.4,105.5098547,69.99582074,19.44849707
1371,2.8,0.8,0.7,8,6.4,121.203235,58.40679296,19.44849707
1372,2.2,0.8,0.7,9,6.4,132.5147996,87.69992081,21.88207248
1373,2.5,0.8,0.7,9,6.4,119.8636485,79.4082468,21.88207248
1374,2.8,0.8,0.7,9,6.4,99.79040084,66.2520664,21.88207248
1375,2.2,0.8,0.7,10,6.4,148.6438212,98.27477165,24.31620639
1376,2.5,0.8,0.7,10,6.4,134.459784,88.97880079,24.31620639
1377,2.8,0.8,0.7,10,6.4,111.9543464,74.22912907,24.31620639
1378,2.2,0.8,0.9,8,6.4,99.05374703,65.76426038,19.57717671
1379,2.5,0.8,0.9,8,6.4,123.6255822,59.55729417,19.57717671
1380,2.8,0.8,0.9,8,6.4,149.114014,49.70823411,19.57717671
1381,2.2,0.8,0.9,9,6.4,112.534202,74.60446406,22.02683707
1382,2.5,0.8,0.9,9,6.4,101.7831733,67.55814675,22.02683707
1383,2.8,0.8,0.9,9,6.4,116.9187165,56.37722515,22.02683707
1384,2.2,0.8,0.9,10,6.4,126.2422597,83.5931785,24.47705594
1385,2.5,0.8,0.9,10,6.4,114.1885746,75.69340334,24.47705594
1386,2.8,0.8,0.9,10,6.4,95.06208607,63.15823598,24.47705594
1387,2.2,0.8,1.1,8,6.4,91.2696552,60.66229242,19.64151652
1388,2.5,0.8,1.1,8,6.4,113.9049179,54.94043494,19.64151652
1389,2.8,0.8,1.1,8,6.4,137.3740836,45.86085217,19.64151652
1390,2.2,0.8,1.1,9,6.4,103.6971306,68.81257089,22.09921936
1391,2.5,0.8,1.1,9,6.4,93.78635421,62.31696223,22.09921936
1392,2.8,0.8,1.1,9,6.4,107.7223763,52.00957225,22.09921936
1393,2.2,0.8,1.1,10,6.4,116.3344379,77.09976474,24.55748071
1394,2.5,0.8,1.1,10,6.4,105.222815,69.81740067,24.55748071
1395,2.8,0.8,1.1,10,6.4,120.8750572,58.26156806,24.55748071
1396,2.2,0.8,1.3,8,6.4,116.0481642,55.95837632,19.70585634
1397,2.5,0.8,1.3,8,6.4,104.9425537,50.6837326,19.70585634
1398,2.8,0.8,1.3,8,6.4,126.5498063,42.31354587,19.70585634
1399,2.2,0.8,1.3,9,6.4,95.54952106,63.47255705,22.17160166
1400,2.5,0.8,1.3,9,6.4,119.2504361,57.48463764,22.17160166
1401,2.8,0.8,1.3,9,6.4,143.8308732,47.9825734,22.17160166
1402,2.2,0.8,1.3,10,6.4,107.1996172,71.11296244,24.63790548
1403,2.5,0.8,1.3,10,6.4,96.95646589,64.39977951,24.63790548
1404,2.8,0.8,1.3,10,6.4,111.3686101,53.74681459,24.63790548
1405,2.2,0.8,0.7,8,6.8,130.4628466,86.31997719,19.96321561
1406,2.5,0.8,0.7,8,6.8,118.0146642,78.16393514,19.96321561
1407,2.8,0.8,0.7,8,6.8,98.25911628,65.22011134,19.96321561
1408,2.2,0.8,0.7,9,6.8,148.1916289,97.9398744,22.46113084
1409,2.5,0.8,0.7,9,6.8,134.0595861,88.68091303,22.46113084
1410,2.8,0.8,0.7,9,6.8,111.6317134,73.98673124,22.46113084
1411,2.2,0.8,0.7,10,6.8,114.6915321,109.7549999,24.95960457
1412,2.5,0.8,0.7,10,6.8,103.758957,99.37458274,24.95960457
1413,2.8,0.8,0.7,10,6.8,125.2300179,82.90062519,24.95960457
1414,2.2,0.8,0.9,8,6.8,110.7816217,73.42484981,20.09189525
1415,2.5,0.8,0.9,8,6.8,100.2037072,66.4942062,20.09189525
1416,2.8,0.8,0.9,8,6.8,115.1132492,55.4945155,20.09189525
1417,2.2,0.8,0.9,9,6.8,125.848133,83.30097412,22.60589543
1418,2.5,0.8,0.9,9,6.8,113.8393483,75.43311847,22.60589543
1419,2.8,0.8,0.9,9,6.8,94.78009151,62.94596959,22.60589543
1420,2.2,0.8,0.9,10,6.8,141.1689296,93.3430196,25.12045411
1421,2.5,0.8,0.9,10,6.8,127.7051347,84.52220046,25.12045411
1422,2.8,0.8,0.9,10,6.8,106.3366171,70.52259411,25.12045411
1423,2.2,0.8,1.1,8,6.8,102.0775634,67.72195574,20.15623506
1424,2.5,0.8,1.1,8,6.8,92.32666212,61.33317074,20.15623506
1425,2.8,0.8,1.1,8,6.8,106.0536943,51.19320012,20.15623506
1426,2.2,0.8,1.1,9,6.8,115.9666803,76.82689323,22.67827772
1427,2.5,0.8,1.1,9,6.8,104.8967787,69.57417026,22.67827772
1428,2.8,0.8,1.1,9,6.8,120.5114892,58.06299907,22.67827772
1429,2.2,0.8,1.1,10,6.8,130.0902188,86.08479078,25.20087888
1430,2.5,0.8,1.1,10,6.8,117.679064,77.95360987,25.20087888
1431,2.8,0.8,1.1,10,6.8,97.98067917,65.04819272,25.20087888
1432,2.2,0.8,1.3,8,6.8,94.05295292,62.46423549,20.22057488
1433,2.5,0.8,1.3,8,6.8,117.3889258,56.57496622,20.22057488
1434,2.8,0.8,1.3,8,6.8,141.5958673,47.22756002,20.22057488
1435,2.2,0.8,1.3,9,6.8,106.8565841,70.85818581,22.75066002
1436,2.5,0.8,1.3,9,6.8,96.65219758,64.17252672,22.75066002
1437,2.8,0.8,1.3,9,6.8,111.0290979,53.56109628,22.75066002
1438,2.2,0.8,1.3,10,6.8,119.8763236,79.39314683,25.28130365
1439,2.5,0.8,1.3,10,6.8,108.4355516,71.89771322,25.28130365
1440,2.8,0.8,1.3,10,6.8,90.27683984,60.00101442,25.28130365
