,yreal1,yreal2,yreal3,ypredict1,ypredict2,ypredict3
0,83.73755,40.263786,23.019472,87.40793,26.534065,22.88085
1,84.74708,33.31483,23.019472,88.125114,33.17936,22.73013
2,68.96234,20.700502,20.301987,72.144806,34.322563,18.894276
3,78.49196,33.00116,20.691055,78.450294,33.579395,20.006596
4,100.61081,31.497551,22.24533,98.2022,37.333492,22.104025
5,117.55101,53.92833,23.669592,107.80146,67.41466,23.07548
6,104.0774,63.335423,21.85704,109.589775,53.795097,22.649834
7,97.49506,27.370752,22.051208,110.3826,41.378414,23.079952
8,83.33525,41.0289,23.019472,91.217896,38.442604,22.909332
9,85.30463,50.91735,18.362133,88.73438,50.41127,18.471897
10,75.523026,22.361475,21.079914,81.96073,30.655445,21.784124
11,71.42591,25.482729,20.691055,72.64964,19.28975,20.733088
12,77.24754,24.96112,19.912693,73.52779,20.568127,20.515081
13,78.61603,42.89708,18.189758,84.22458,45.36653,19.279066
14,107.76204,57.494633,21.46857,104.289215,72.79305,21.348162
15,133.88795,31.876305,24.535496,131.88011,55.6031,25.399374
16,85.01745,34.532917,21.46857,84.31604,29.349674,23.72417
17,109.00573,40.108017,21.85704,114.14802,40.66327,21.796368
18,78.38833,58.67698,22.368696,84.92039,51.26605,20.3284
19,87.262344,57.464985,17.844896,83.36561,56.01175,19.082706
20,80.56578,23.035875,20.496548,81.76187,23.053673,21.79155
21,97.71338,22.3838,21.662828,101.74896,34.929104,22.547905
22,75.975494,36.67705,20.496548,90.14337,44.75578,20.634932
23,133.18504,90.6796,24.751818,116.46023,71.03421,29.852707
24,121.61048,98.96465,21.662828,123.882454,102.91541,21.91624
25,84.851494,39.073513,23.236248,87.64501,33.854362,22.506536
26,112.33196,25.424713,25.184288,111.04328,24.475517,26.297482
27,100.45692,22.888445,21.079914,98.23656,34.287323,21.601063
28,69.946205,29.738825,17.672405,77.83279,38.097466,18.484118
29,86.15501,33.982437,18.362133,87.54098,33.1544,19.164545
30,63.06995,34.10306,17.672405,65.01702,33.655327,18.76728
31,97.29389,34.96121,23.452955,99.522224,31.067657,23.243961
32,63.54685,26.045937,17.499872,69.46543,27.491848,17.543839
33,80.32561,36.389877,22.5857,79.06263,35.48387,21.749043
34,84.00223,54.756355,20.301987,82.79068,48.87103,19.296501
35,68.546074,28.444574,18.70677,78.12558,29.595463,19.508196
36,95.15116,62.68898,18.189758,91.19049,55.825867,18.7511
37,71.25761,31.360743,17.672405,74.37676,31.630386,17.882107
38,109.330925,34.700607,24.319113,106.036736,46.66802,23.273293
39,81.160416,32.601093,20.691055,77.42017,31.432823,19.89766
40,78.09106,23.613071,22.368696,82.283424,30.779518,21.759207
41,92.81402,35.785114,23.236248,96.63696,34.696377,22.769373
42,94.87084,33.186634,22.051208,112.02828,40.096386,22.645971
43,71.44921,26.828632,18.017347,73.117355,22.850632,19.195639
44,72.51075,40.25719,20.301987,75.86461,42.329727,19.201456
45,94.593056,46.413525,23.452955,98.81363,44.196556,21.948849
46,86.09418,33.94077,18.879034,80.379395,21.755985,21.581276
47,96.45088,82.82343,20.88551,97.92784,75.74626,20.667875
48,93.89351,28.359041,21.662828,80.22363,31.590424,19.550745
49,105.25374,37.930576,24.751818,106.75774,40.052814,24.621498
50,84.108505,62.255024,17.844896,85.97241,59.798306,19.321957
51,96.524704,73.54388,18.53447,90.48461,41.850445,14.311301
52,83.83695,34.62764,20.301987,82.13121,35.59041,20.300884
53,79.88251,24.091507,18.189758,81.51193,22.813236,20.940918
54,73.24563,23.783016,22.802622,79.258675,38.96894,21.775326
55,85.63871,38.10463,23.452955,92.90377,47.048134,23.055443
56,114.697136,69.31289,24.319113,112.91277,67.93205,23.734768
57,82.60174,48.76587,17.499872,83.95995,59.88949,19.416172
58,119.34689,73.74084,24.319113,125.15194,77.29773,24.272823
59,80.765396,65.93524,20.107368,90.87699,65.473526,20.215466
60,73.2099,31.751541,17.844896,71.25021,28.281956,17.684425
61,78.76903,34.985435,20.496548,83.285385,44.89307,18.901003
62,109.768265,69.67467,21.46857,112.77456,63.880527,21.710752
63,103.27087,53.062218,23.236248,102.36698,41.28569,22.403343
64,69.82618,35.09378,17.672405,72.800766,35.196712,18.438507
65,65.8936,24.025629,18.189758,71.3512,22.361813,19.05149
66,64.5376,19.50742,20.301987,72.620125,28.821514,20.288012
67,134.98889,105.13016,24.535496,140.82175,103.91798,25.331497
68,120.93058,38.803513,24.968082,127.71461,44.412,25.103672
69,71.7068,28.557608,20.107368,73.2424,35.93232,19.653545
70,84.81076,30.044783,23.019472,86.604095,40.739647,22.117777
71,109.37851,44.71474,24.10267,123.48593,55.046005,24.14343
72,66.47544,29.879747,17.327295,67.70525,28.327755,17.622248
73,89.082436,50.39634,18.362133,89.15233,59.212395,19.131655
74,68.551636,22.38949,20.107368,65.47856,18.723793,20.313667
75,90.7558,31.253168,19.051266,86.343636,30.853214,20.131033
76,127.05438,53.537773,24.751818,131.16379,47.47919,25.130875
77,123.02143,54.41367,24.968082,133.41547,69.89862,25.771442
78,116.425316,77.80444,24.319113,125.696724,85.54866,24.026611
79,113.91399,67.05173,21.274267,107.37689,67.7446,20.497696
80,97.62339,58.285736,19.223465,99.963875,70.14486,19.39488
81,72.71027,40.695328,19.912693,75.20938,47.988247,19.124943
82,66.43379,23.597765,17.327295,68.73291,31.058273,18.014606
83,74.91813,36.902634,17.672405,77.37291,38.505074,18.128368
84,88.87963,56.95483,22.5857,80.41423,44.653004,20.435526
85,96.60069,30.136549,22.051208,111.08408,34.91145,22.583286
86,107.14399,49.592663,24.535496,124.84098,51.75337,24.23285
87,94.3006,22.729822,21.079914,91.19597,32.13991,21.261663
88,92.90028,29.130852,19.051266,89.59777,41.086166,19.790155
89,81.69003,41.442757,18.189758,88.09964,42.660072,19.102453
90,105.645645,36.68749,25.184288,104.799866,37.85106,24.100199
91,77.439735,54.893272,20.107368,88.866615,60.815517,19.37724
92,85.165504,38.50882,23.452955,86.8985,38.821163,22.124578
93,84.25423,36.098133,18.017347,77.36996,38.89894,18.414783
94,73.68429,27.171192,18.017347,74.9501,38.69513,18.009327
95,96.09657,45.337906,20.88551,88.27652,44.432632,19.620005
96,94.08768,29.453575,19.051266,96.519356,36.78241,20.319513
97,103.240364,34.038036,24.751818,109.28827,31.364983,24.088367
98,109.265816,76.23894,23.669592,114.732086,83.90087,22.666655
99,84.18231,30.320463,18.879034,90.03983,29.132034,19.863014
100,94.93244,43.381264,19.39563,100.76201,45.215122,21.350544
101,95.83895,45.02799,21.85704,104.143974,41.15364,22.386509
102,98.15933,53.285328,22.802622,87.243385,59.448566,20.569569
103,94.216225,34.139027,21.85704,101.125786,28.712692,23.419203
104,67.77292,19.5192,17.844896,73.33875,25.127693,18.219975
105,94.63367,22.25235,24.319113,84.299446,33.178265,20.991123
106,89.34431,59.883,17.844896,84.745056,54.184944,18.871983
107,95.14197,59.59217,19.39563,96.610344,72.64154,20.441048
108,71.60869,31.215279,18.53447,77.76477,29.290207,18.989485
109,108.94882,64.68502,21.079914,103.27173,61.410423,21.125439
110,83.46562,25.98883,23.236248,85.01987,24.709888,22.318445
111,91.734795,32.72047,23.886164,92.6573,30.433704,23.042793
112,95.30754,18.166311,24.319113,102.997185,28.740303,22.748428
113,88.18643,57.3443,18.017347,89.562416,65.256004,19.674671
114,113.204384,52.08782,21.85704,110.26842,34.94146,21.437895
115,67.12652,34.981216,17.154676,68.514145,34.000057,18.392963
116,74.093994,44.461933,22.368696,82.62357,50.466076,21.992481
117,76.49251,26.316101,23.452955,83.63028,28.260014,22.013714
118,94.7976,56.828316,18.189758,89.93768,60.96455,19.293232
119,82.863464,38.35763,22.368696,85.52781,48.118076,21.036583
120,80.45637,28.705647,21.46857,94.98329,36.442516,21.75654
121,85.840065,31.957539,22.368696,86.20513,27.313251,21.867281
122,100.35474,55.48893,20.88551,103.40336,69.50125,20.395126
123,73.21262,33.367645,18.362133,71.22012,26.807869,19.799303
124,87.398254,50.170918,23.236248,97.78781,40.531418,23.00662
125,69.20877,24.6387,20.691055,71.65566,26.08556,21.141516
126,86.52412,45.56774,18.879034,96.44018,48.319744,19.027403
127,96.26144,38.778446,21.079914,74.66022,37.67585,19.245647
128,73.04138,39.518707,18.017347,71.95007,34.551323,19.121674
129,77.76266,38.29715,18.189758,79.36926,43.942436,18.161808
130,74.258995,29.288715,19.912693,70.73822,24.98341,19.692272
131,71.68735,49.407326,19.717958,79.521645,53.432755,19.091856
132,101.12584,55.217884,24.319113,110.30082,52.423874,24.120028
133,76.75659,38.712555,20.301987,73.562004,31.35476,20.307325
134,64.90309,19.021843,20.301987,72.70645,28.266602,20.34566
135,80.64967,36.084618,18.362133,76.47711,24.672985,19.51834
136,86.590195,57.625584,17.844896,85.30301,54.103065,18.86417
137,103.599976,41.68387,21.46857,94.87436,30.969513,22.263763
138,85.2746,27.852936,23.236248,83.45262,27.613808,21.523184
139,103.04677,23.203053,24.535496,113.388985,36.386364,23.730316
140,74.86467,37.61511,19.912693,77.280106,45.23199,18.529043
141,106.282104,80.35961,21.274267,112.65039,90.16951,21.208435
142,81.0531,33.08369,18.879034,84.96235,26.910366,20.225851
143,99.70406,35.09299,22.24533,97.22956,34.856453,22.056366
144,90.22033,32.000713,21.274267,94.91139,29.078403,21.657396
145,79.54508,36.528862,18.017347,85.131546,45.53503,18.150003
146,127.951965,73.672844,25.184288,133.77872,70.44986,25.690235
147,62.29883,24.924192,17.672405,67.22412,27.998516,17.796858
148,81.548515,38.04549,20.496548,88.83084,40.422356,21.030367
149,105.63814,56.33899,21.662828,108.55822,52.436874,22.202974
150,106.90893,56.373726,21.46857,111.357574,60.063408,21.079645
151,87.84683,56.064625,19.39563,96.72366,68.481544,20.303764
152,82.89725,40.593075,18.189758,70.34226,32.725273,17.175446
153,104.703865,36.940533,24.968082,112.23895,34.46318,24.258224
154,107.77827,60.79122,21.46857,111.23555,80.09777,21.417412
155,104.07858,65.96151,21.662828,115.32064,72.26194,23.003035
156,71.945694,36.48336,20.107368,78.74576,44.153294,21.10424
157,97.60656,53.10299,19.39563,97.8274,49.30699,20.48339
158,80.46895,50.15512,20.107368,85.950096,54.286873,18.961561
159,99.53804,59.974335,21.079914,91.153824,41.226162,21.700254
160,94.772354,30.698177,23.669592,92.85634,33.39923,23.263165
161,93.555626,88.36032,18.879034,100.32622,74.92597,20.179155
162,77.889084,38.059223,22.368696,81.04314,39.194416,22.584492
163,88.553246,41.017715,23.236248,87.999954,27.207462,22.639212
164,79.99519,28.721725,22.5857,85.49713,40.66119,21.310616
165,85.750725,26.164822,21.079914,88.60981,29.659008,21.70868
166,82.96003,39.685467,22.5857,81.54958,28.978413,21.714207
167,92.27912,51.80776,19.051266,102.75279,54.71206,19.120825
168,93.41812,31.35295,19.051266,88.49212,37.979626,19.87212
169,93.10342,33.396793,23.886164,99.45979,47.931076,23.268757
170,88.74682,54.766396,20.691055,95.33482,57.67463,19.574972
171,57.879017,26.181501,17.672405,61.360126,24.293533,18.179611
172,92.27146,45.67117,20.88551,94.69039,52.139233,20.298037
173,91.89459,71.32962,23.236248,96.58652,67.44349,21.549751
174,69.770134,35.079834,20.107368,73.5009,31.838783,18.815302
175,134.22519,100.365074,24.535496,147.38893,108.96893,24.620007
176,92.99887,34.22902,23.886164,100.55619,46.17807,23.300697
177,71.172455,25.558762,20.301987,74.04796,39.747086,18.883966
178,97.90858,60.189613,20.88551,93.302124,53.295746,20.895245
179,55.972404,18.967108,17.672405,69.392334,16.033863,21.48748
180,74.7818,49.161823,19.912693,78.01995,44.11683,19.286404
181,74.76644,37.208,20.691055,81.59237,37.463963,20.13683
182,86.42823,55.342888,23.236248,94.64053,52.697617,23.32093
183,81.06062,64.5853,20.107368,92.66301,69.54468,20.234604
184,72.924446,29.727695,22.802622,76.60213,30.333008,22.025297
185,78.990425,26.857372,23.452955,80.99003,33.071777,22.453943
186,121.86582,29.64076,24.968082,125.416435,41.213722,24.817745
187,126.776566,69.12586,25.184288,134.41838,73.35047,26.302853
188,120.764854,92.385185,21.662828,129.2991,112.49293,22.975922
189,100.06619,37.213017,24.535496,105.05225,35.494373,23.917723
190,104.088295,61.783443,21.85704,110.59254,62.56324,23.252998
191,119.97711,77.63783,21.662828,122.612785,86.91949,22.055576
192,96.46496,74.51711,18.53447,98.054794,73.50753,20.09669
193,101.49762,41.46169,24.10267,108.52906,43.70994,23.742884
194,96.58915,30.387037,21.274267,94.203735,27.49636,21.481771
195,96.41168,60.92516,23.452955,101.275475,51.94156,23.298763
196,93.78539,21.392752,22.24533,99.14605,25.334324,23.459322
197,73.14162,23.263973,18.017347,65.920364,19.550232,19.550354
198,78.077835,27.32514,23.019472,61.575226,24.74126,19.519167
199,88.2527,34.131176,20.107368,91.63186,41.6507,19.81734
200,94.98037,60.56283,18.189758,94.4609,67.72048,19.730927
201,71.218956,33.213394,20.496548,74.10219,29.345367,20.812744
202,89.94913,61.21895,22.802622,80.49133,40.281086,22.62275
203,100.00302,45.63077,21.274267,100.958984,52.809975,21.829466
204,84.60183,25.99944,18.53447,85.693016,27.727383,19.591877
205,63.91894,32.642143,19.717958,60.893044,24.244877,18.582577
206,54.66046,44.800858,17.154676,67.29834,40.073486,19.380924
207,74.17825,29.046494,23.019472,74.04042,25.794083,22.290888
208,75.79986,32.926647,22.5857,79.04417,35.55008,21.505001
209,94.885704,42.899696,18.879034,99.97382,45.177273,19.946022
210,84.60786,21.78315,17.844896,66.84995,25.539837,17.18924
211,108.321846,49.293583,22.051208,116.33907,56.793163,22.873384
212,70.17029,29.924866,19.912693,70.22121,33.89944,20.198254
213,87.04553,68.901535,18.70677,96.82899,65.00237,19.378723
214,89.42063,24.146244,23.452955,77.56981,26.541588,20.606585
215,117.53732,75.66987,21.85704,115.63532,65.476105,21.09014
216,105.813484,53.79529,21.662828,107.41344,46.401226,21.994373
217,99.63215,51.419334,20.88551,103.04042,61.404797,20.74295
218,83.100296,49.411907,20.301987,86.29605,56.597023,19.220383
219,122.868965,45.715923,24.968082,129.81384,62.672024,25.351076
220,89.4554,39.73621,23.452955,102.13933,35.694374,22.59439
221,71.08437,28.611416,20.691055,86.156075,29.22342,21.228844
222,106.578125,47.062912,23.886164,104.131546,45.596115,24.439297
223,88.46956,34.205666,23.019472,91.388336,31.280117,22.335915
224,85.11188,61.345043,20.496548,95.59802,68.3196,19.789684
225,121.35016,67.23532,21.85704,116.44255,72.381165,21.543974
226,71.04832,32.711155,20.107368,66.658356,27.97482,20.400284
227,85.09819,60.214546,22.802622,84.96074,46.89794,22.488613
228,97.954834,29.058424,24.10267,105.4142,39.385574,24.168732
229,69.79866,25.633621,20.107368,72.82956,32.63525,18.143772
230,89.133736,27.120613,23.886164,92.94371,24.483402,23.214306
231,83.41166,68.23337,20.107368,81.606155,59.32246,19.734129
232,123.65433,57.442646,24.751818,119.73649,46.531754,28.09042
233,85.155014,66.16115,22.802622,84.61495,49.576122,22.44918
234,64.756546,18.391678,20.107368,69.06718,15.701913,21.57657
235,99.21594,45.121506,23.452955,97.93455,38.435665,23.525108
236,84.14369,46.76485,18.70677,87.91035,47.223114,19.269352
237,87.051605,57.946724,23.236248,90.48011,44.26582,22.889473
238,99.154434,44.724575,24.319113,105.62832,40.606945,23.185848
239,93.74189,36.5731,18.70677,93.463005,31.838783,19.350098
240,85.08892,43.82318,23.452955,85.8479,33.413586,21.946646
241,65.51683,21.590593,18.017347,63.2734,22.248348,18.613487
242,74.096535,30.93548,17.672405,73.38434,34.37894,18.23068
243,66.74588,27.459732,20.107368,72.59683,38.718693,18.03061
244,108.610725,42.07402,24.10267,124.77846,49.517628,24.165714
245,74.96477,20.101406,23.019472,80.405525,30.587986,21.78482
246,112.444756,43.13934,24.535496,120.67869,49.717934,24.397758
247,77.39515,19.832191,18.017347,79.62735,24.044025,19.997498
248,80.94632,53.94012,20.107368,89.524994,59.671356,19.25111
249,85.89899,37.01435,18.53447,94.93274,49.09306,19.668453
250,128.52948,97.22081,24.535496,141.5327,94.14691,25.26239
251,85.464066,25.421461,23.886164,92.31217,28.187405,23.101833
252,102.27888,37.996082,23.886164,106.89389,29.350597,23.401352
253,71.755775,34.93064,19.912693,70.790375,37.348923,20.217815
254,76.32167,31.492214,18.70677,79.27441,28.5766,19.626003
255,89.183,24.949013,21.85704,97.99785,29.60662,22.427494
256,99.95773,55.345573,21.274267,102.08215,63.12055,20.47395
257,81.09844,37.469772,20.301987,84.30371,34.177418,19.522429
258,83.18885,35.55277,18.362133,77.07991,22.38353,20.222706
259,79.8245,40.780346,18.017347,80.125336,49.331646,18.613518
260,104.997345,35.565487,24.535496,115.36259,37.49718,24.316002
261,70.72399,22.865206,18.017347,73.342545,28.100376,19.718464
262,67.938614,35.1334,19.717958,74.78187,39.076683,20.464365
263,94.65825,77.19001,18.53447,99.94973,70.20417,19.71329
264,117.74627,45.645935,25.184288,129.73317,57.833694,25.312191
265,70.363655,28.183037,18.189758,64.732895,24.632473,18.565426
266,89.59767,53.519855,23.019472,81.97594,47.057407,20.52781
267,128.3505,77.43167,24.535496,141.92534,97.5633,25.408718
268,88.09018,31.816341,21.46857,90.04023,21.261059,23.41593
269,66.02362,38.57721,17.154676,62.07525,26.428925,15.396563
270,79.7398,44.14505,20.691055,88.4349,44.974583,20.968008
271,69.27202,21.311663,20.691055,72.95339,26.205463,21.225374
272,81.041534,30.837477,23.236248,81.45113,17.257235,23.397743
273,93.408844,37.204758,21.079914,92.33261,46.4654,21.206762
274,94.4537,43.499226,20.88551,94.38616,59.596615,20.683165
275,111.55402,48.11285,25.184288,129.22305,62.029823,25.640736
276,69.25194,34.841503,19.912693,73.191025,38.045498,18.176485
277,104.93363,39.51153,23.886164,108.17037,33.790756,23.780216
278,93.03113,40.576458,18.70677,94.357994,33.261047,19.50241
279,77.33276,38.587673,23.236248,83.6287,38.958427,22.542723
280,97.59625,42.45499,19.223465,102.76997,54.978996,20.06884
281,112.962326,60.40104,24.535496,126.25573,58.87733,24.556648
282,72.79374,13.257369,18.017347,69.84611,18.701416,20.392157
283,64.73265,14.48999,17.499872,52.3198,15.223293,18.601913
284,68.18384,22.681915,19.912693,69.62491,20.268225,20.409191
285,76.596016,32.952965,22.5857,79.55208,35.990906,20.290466
286,94.94245,62.231174,23.452955,102.664375,55.510784,22.831978
287,112.95396,49.562027,24.751818,121.700325,45.783825,24.177391
288,110.5393,83.600494,21.079914,90.12182,78.439095,19.351868
289,90.64204,76.131134,20.496548,96.78832,75.57104,20.71791
290,92.475624,55.76599,22.802622,92.21413,53.295746,21.207066
291,85.57347,28.13438,20.88551,83.875465,32.50268,21.387138
292,83.79606,44.94206,22.5857,80.72788,44.64458,19.88645
293,114.05676,86.61698,21.274267,119.11675,100.352394,22.266413
294,68.203224,38.544624,17.154676,68.47772,34.947124,18.64614
295,97.54064,36.887657,23.669592,97.53533,37.201393,23.855614
296,115.9527,66.234184,25.184288,112.03697,65.3324,23.89714
297,93.08878,58.794567,23.236248,103.69786,60.48318,22.187387
298,105.130646,49.386555,24.319113,102.49509,50.74227,24.413921
299,89.75541,34.037544,18.70677,96.17729,54.497814,18.731474
300,64.817055,20.761312,23.019472,75.681,26.268417,21.744158
301,80.84654,51.338787,17.499872,77.95859,43.95658,18.471497
302,72.38931,43.315163,17.327295,71.94099,39.492928,18.893484
303,103.54352,41.312515,21.46857,101.64921,44.062798,18.341045
304,97.95073,56.56444,19.051266,94.44496,56.133472,19.58723
305,116.179886,82.40404,22.24533,116.40189,73.13433,23.640379
306,82.44635,35.435917,23.236248,89.097015,35.861744,22.825045
307,93.84843,34.291084,23.669592,77.98365,39.303444,21.762367
308,107.752396,96.09105,20.88551,107.332146,86.69505,21.430832
309,67.82644,21.988623,17.499872,66.56952,24.77676,17.768188
310,100.49363,52.44723,23.452955,97.07834,27.484356,22.794495
311,99.62804,74.60599,18.53447,103.637054,83.308655,21.133358
312,71.15447,35.618366,20.107368,77.94738,42.952305,19.15541
313,104.65601,65.555176,24.319113,109.06254,49.079758,23.917004
314,65.53562,25.212795,17.844896,60.99215,27.030819,17.294298
315,78.67457,31.700527,17.844896,81.4983,41.753223,18.901314
316,101.791466,45.92505,24.319113,106.301506,45.35472,23.691872
317,97.32779,72.73429,23.236248,107.15055,77.17756,21.996498
318,98.0568,50.439022,22.802622,82.00066,50.047935,21.426666
319,85.384346,42.31529,23.236248,92.435005,46.18144,22.252289
320,84.9039,57.10219,20.301987,84.26172,53.6408,19.496733
321,90.010124,40.055584,23.452955,87.6948,38.738895,22.035791
322,134.50127,87.360306,24.751818,137.45955,91.84475,25.626432
323,76.091934,38.149685,19.912693,74.289345,36.20791,19.507378
324,120.7995,34.273327,24.968082,127.58033,43.541573,24.971272
325,92.92172,63.75542,18.879034,108.62391,72.240265,19.54417
326,92.90565,48.11484,21.274267,97.40852,50.91514,20.927996
327,93.57327,45.60358,21.46857,99.7923,49.265926,22.230923
328,109.86934,49.099747,24.319113,120.14577,57.889256,24.843388
329,116.69871,91.2158,21.662828,122.46777,80.079124,21.467157
330,96.52115,49.94783,23.669592,96.32054,44.973183,22.484777
331,92.117096,51.718704,18.879034,85.20891,57.275536,19.519428
332,106.927185,73.099846,23.669592,108.84082,78.06514,22.778555
333,104.043655,47.496437,24.319113,108.789566,47.153736,23.593828
334,82.06662,34.872124,20.107368,81.37972,43.191437,20.380072
335,81.70639,41.850098,20.301987,84.59461,39.79573,19.040174
336,132.62878,87.975395,24.968082,133.63815,80.57449,25.702251
337,126.884605,96.15781,24.535496,140.42413,97.31462,25.188496
338,103.08132,48.311832,21.46857,99.04884,45.27993,20.578445
339,78.1797,34.064674,19.39563,86.9138,33.26258,20.022663
340,73.27929,37.43444,20.301987,76.67753,37.969376,19.64425
341,109.304955,43.758533,24.751818,115.124756,42.674267,24.788776
342,80.943054,31.161768,18.189758,81.61889,33.39393,18.033491
343,105.00414,80.02229,22.051208,116.65965,81.15402,22.839094
344,105.82738,71.38809,22.24533,108.52884,75.78143,22.433117
345,97.34203,33.25183,21.46857,104.86444,34.298325,21.04913
346,108.1026,44.009445,24.10267,116.76403,52.104202,24.057854
347,116.640854,82.1624,24.319113,125.24915,80.32911,24.404018
348,97.37407,32.719498,20.496548,91.49636,31.103786,20.90115
349,86.53163,26.256819,18.53447,92.41022,39.562435,19.034885
350,81.24216,29.250422,23.019472,81.268814,41.19661,21.147537
351,71.1007,18.882324,18.189758,73.75014,22.577438,19.447914
352,95.72623,55.244076,18.70677,89.38385,64.7599,19.924938
353,81.229515,60.03818,22.368696,85.5881,52.358932,20.727291
354,76.97454,43.097576,17.844896,73.89504,29.430515,16.479536
355,79.59264,35.406494,18.362133,82.862724,40.562363,19.025007
356,92.80307,40.913048,20.88551,94.103386,56.993835,20.463629
357,113.9048,71.27349,21.46857,103.92548,94.36288,21.937464
358,95.89037,34.704575,21.85704,95.56504,35.639664,22.316942
359,104.98068,27.28978,24.535496,101.35188,24.279072,24.379208
360,114.535866,49.37243,21.85704,115.34751,40.975483,22.083138
361,97.26166,55.91143,23.669592,103.94525,49.312027,24.123158
362,115.65116,77.83998,22.24533,119.67556,65.36831,23.232786
363,84.133026,27.346329,21.46857,99.014366,38.560867,22.127968
364,70.058876,17.811796,20.691055,75.89026,15.185468,23.087147
365,107.57232,53.05623,24.535496,114.181015,54.39836,23.552841
366,86.13473,46.263916,18.70677,66.115974,44.76249,17.786318
367,98.17939,31.072695,21.079914,98.92733,38.704987,20.587677
368,64.742584,29.031582,17.499872,67.33627,27.488914,18.212757
369,83.406364,39.362152,18.017347,82.574455,39.555416,18.208954
370,56.734234,40.246853,17.499872,72.646805,41.67653,19.286585
371,94.822334,20.082968,19.223465,97.11657,35.592228,20.7264
372,72.63184,47.09628,17.154676,72.095375,47.82417,18.515232
373,132.05644,58.636375,24.535496,121.957405,57.899776,24.849007
374,93.83545,39.31365,21.079914,90.162735,39.443813,21.352554
375,76.198425,64.773796,19.717958,80.33999,51.962875,19.397463
376,100.439224,51.089523,19.223465,99.15309,72.47094,20.476507
377,99.2342,42.815735,24.10267,108.173996,51.307762,23.720184
378,95.741936,26.829906,19.39563,91.39886,30.247787,20.689814
379,75.16919,38.176723,17.672405,74.59162,32.083717,17.833681
380,109.58501,49.22329,22.24533,114.62042,49.241726,23.002644
381,100.202896,52.783344,23.236248,101.23277,39.24097,23.2874
382,74.4872,33.850372,18.017347,78.655014,39.79947,19.018131
383,99.03806,56.393356,20.496548,94.97497,60.79738,20.010485
384,96.999466,67.36226,20.88551,106.07856,74.1083,20.759275
385,103.90319,64.52363,23.236248,107.97874,78.237526,22.152811
386,94.82228,62.89864,19.051266,100.61737,77.01366,20.708012
387,89.32793,48.55451,22.802622,87.17266,42.198814,22.57984
388,86.90912,45.662224,20.301987,87.02448,38.46934,20.098759
389,124.67106,79.29448,24.968082,135.03824,81.30816,25.685165
390,93.54559,55.030743,20.496548,96.841576,63.65267,20.726622
391,106.95363,50.057835,24.319113,121.171555,54.57043,24.611712
392,76.302414,24.481966,18.017347,81.782,32.565113,18.373116
393,88.93032,19.704012,23.886164,73.758194,14.207939,23.086754
394,79.62013,38.217426,18.362133,82.40835,33.207714,19.140085
395,86.72533,23.283022,23.886164,87.754776,32.61127,23.031742
396,76.066246,20.050655,22.5857,74.98001,21.862427,21.9016
397,101.08387,37.649937,22.24533,104.06628,29.399956,22.64938
398,74.844505,33.979183,20.691055,72.305725,39.211372,18.957603
399,88.3492,49.958183,22.368696,84.2112,53.110348,19.914692
400,67.21116,30.689425,17.327295,70.31445,33.41722,18.210835
401,128.35728,77.604675,24.968082,135.72507,80.72302,25.970982
402,101.836685,38.34137,24.10267,115.83967,48.547962,23.405018
403,78.45143,44.615253,17.499872,75.65517,41.81307,18.514248
404,96.63884,61.45432,23.452955,98.45189,51.987026,22.200329
405,93.13076,25.515833,23.669592,91.766,19.60919,24.498957
406,90.98686,32.28174,18.53447,97.77154,38.994965,19.214386
407,81.61123,31.61726,20.496548,81.94076,37.38763,19.139076
408,103.56648,63.165943,21.85704,112.255844,63.96132,23.592808
409,85.20292,36.929207,18.70677,91.95761,36.319954,18.705868
410,79.728455,37.217403,17.844896,79.8949,43.716713,19.244232
411,74.99012,29.88329,23.019472,74.980896,29.302837,22.214573
412,87.11603,57.719536,20.496548,95.51876,55.479027,19.505814
413,81.11445,26.718048,23.236248,93.42113,42.271908,22.416382
414,57.135017,30.72529,17.327295,62.41285,29.940495,18.47877
415,94.55659,65.41773,20.88551,105.548615,72.4238,20.462574
416,77.76443,34.952408,20.301987,81.2132,39.039158,20.375908
417,107.594574,58.96062,22.051208,117.995544,62.091297,22.467325
418,89.629486,48.24091,18.362133,90.008224,54.621414,18.75839
419,95.33362,64.34093,18.70677,96.56077,67.01925,19.560577
420,93.9345,30.84173,21.662828,100.61417,31.060722,21.841608
421,85.09111,32.92743,23.019472,87.80199,36.67741,21.335861
422,128.24313,67.199265,24.751818,135.47662,72.938934,25.638884
423,97.375916,43.9218,23.452955,79.45106,32.64232,20.665619
424,82.95181,28.00339,18.189758,78.775955,26.015076,18.934359
425,115.34513,72.70719,23.669592,117.55165,79.84597,23.130196
426,84.78693,43.427853,22.802622,89.57377,43.110832,22.39495
427,77.04969,31.442022,18.017347,77.74869,36.490982,18.575882
428,118.741394,35.582417,25.184288,118.41072,33.83279,24.849749
429,96.932106,53.198128,23.669592,100.31787,42.927544,23.09239
430,89.039795,43.508984,20.88551,91.3333,44.542454,20.442112
431,81.430084,25.863396,18.189758,80.12548,26.12431,19.163822
432,96.49274,69.22121,20.496548,88.602264,65.365456,18.45094
433,96.17044,67.11544,22.368696,67.92052,43.175625,18.275562
434,103.36613,83.717514,22.051208,123.8845,92.493256,23.017212
435,115.33882,51.297497,24.751818,102.88348,59.393333,22.357378
436,100.25708,22.84572,19.223465,96.47614,31.634155,20.072094
437,113.337425,83.92871,24.10267,130.05579,93.798386,24.14193
438,113.5297,53.896156,24.751818,123.1644,56.37583,24.854546
439,65.6838,29.554977,20.107368,66.60466,27.195023,20.024141
440,85.39053,39.08993,18.53447,94.45082,46.201454,19.339336
441,68.33484,24.563164,17.672405,68.793655,21.06469,19.110096
442,90.44077,50.768482,20.691055,95.59672,52.52799,20.089542
443,107.048004,50.13984,23.886164,111.878624,67.25214,23.283438
444,83.86981,34.057102,20.496548,77.26117,31.952805,19.784655
445,87.51201,34.48396,20.691055,90.95154,34.718243,20.988302
446,66.94785,39.13548,17.154676,72.42079,42.57381,18.37063
447,76.528,30.9676,18.70677,81.83235,27.994965,19.919165
448,91.30712,29.741163,24.10267,96.69469,30.222755,23.335442
449,92.58768,89.79773,18.879034,106.86678,81.69648,20.51905
450,96.65786,31.661509,21.662828,95.1154,36.544773,21.655602
451,121.42302,66.84681,25.184288,128.67581,68.96702,25.2464
452,87.54404,24.48886,19.051266,92.71863,36.703094,20.955742
453,96.27184,50.802788,19.051266,101.97922,57.24015,19.604893
454,70.2818,23.305418,18.017347,73.04996,23.729,19.099869
455,81.58626,24.90327,23.452955,83.615364,30.442757,22.41578
456,85.25588,47.48787,18.70677,87.655235,41.078472,19.38076
457,92.13836,49.39192,23.236248,96.17667,42.895355,23.203026
458,67.86265,24.565937,18.189758,70.82267,21.602722,19.598385
459,54.452198,40.59397,17.154676,67.08351,39.4007,19.278912
460,86.29088,42.7715,18.53447,89.13209,47.105145,18.842718
461,89.47472,52.383003,22.368696,90.57358,62.964844,20.204666
462,113.83989,90.47761,24.10267,129.18521,95.26685,24.222107
463,82.142624,31.780033,23.452955,84.32114,24.952808,22.582651
464,101.082825,30.375156,22.24533,97.04725,31.965084,22.072346
465,108.31345,48.49616,24.10267,124.47597,62.70718,24.52314
466,67.74909,19.660393,20.301987,73.59534,31.318134,20.201824
467,115.49361,46.936947,23.669592,112.850746,42.49053,23.177208
468,84.493454,43.79844,22.5857,82.394516,42.139248,20.601439
469,99.1827,24.444244,23.886164,94.86794,30.038883,24.102818
470,80.947205,45.87645,23.019472,83.97569,43.38349,22.488308
471,69.94656,27.647373,17.499872,79.4969,40.074455,18.722773
472,67.85851,37.197212,20.107368,71.66142,28.654118,16.327156
473,83.93742,34.42065,18.189758,80.82963,29.866978,17.65419
474,95.06134,22.772371,19.223465,96.62587,31.27945,20.261557
475,78.75439,34.039364,18.53447,85.70073,37.650913,18.602978
476,102.30592,56.189377,23.886164,111.03336,55.713688,24.149025
477,96.52141,37.775066,21.85704,96.61962,37.013435,22.42391
478,92.55144,47.428703,21.46857,98.49137,47.881836,22.389393
479,89.13163,17.003008,18.879034,91.563484,30.04211,20.586924
480,97.66764,64.24792,18.879034,100.56165,73.1393,19.996449
481,73.94544,23.806858,23.019472,76.26555,26.228745,21.581636
482,91.1241,42.95953,18.879034,96.118866,45.944923,19.40318
483,92.4187,25.259449,19.051266,97.07345,35.983498,19.126064
484,115.64682,95.140755,21.662828,122.86077,106.53007,22.531845
485,123.13797,79.11035,24.319113,125.06065,74.978836,24.538126
486,101.53838,37.793713,24.535496,96.36592,37.2681,24.035822
487,72.84651,21.55073,22.802622,79.19388,36.065388,21.822144
488,125.81037,79.49018,24.968082,134.52534,83.0553,25.270267
489,75.27886,46.44122,19.717958,79.9656,48.16399,19.214607
490,107.60749,45.807285,21.46857,105.74271,38.524906,21.992153
491,98.951294,36.61234,23.886164,100.98481,38.701023,23.416628
492,87.0124,42.03024,18.53447,89.10023,51.766285,18.481762
493,104.779526,40.02567,24.751818,109.42295,30.939075,23.094566
494,94.930145,76.64508,19.051266,107.21807,88.99052,21.281437
495,92.84245,32.634907,23.886164,95.57857,38.930866,22.814468
496,101.41059,57.438118,23.886164,112.30002,58.75373,23.697483
497,108.87068,55.290897,21.662828,118.97634,57.01847,21.805296
498,88.90015,33.142117,18.53447,93.92402,39.849274,18.881754
499,92.76431,35.800457,19.051266,98.90359,35.810043,19.933561
500,78.82868,26.481659,21.46857,97.787224,38.303677,21.938326
501,104.58791,50.622635,23.886164,111.000946,68.47177,23.000633
502,82.54255,29.489136,18.189758,89.72296,43.619488,18.581896
503,73.457726,31.652363,18.53447,79.98435,30.078457,19.011898
504,108.167496,56.290703,22.051208,115.63734,54.22547,22.2569
505,108.26547,42.906147,21.662828,98.17774,45.453312,21.196226
506,113.429825,79.86099,21.274267,113.79452,89.6601,21.214664
507,119.205734,100.95907,21.662828,122.47302,99.417625,22.42382
508,88.510864,21.967527,19.051266,80.20304,27.372475,20.434792
509,74.90732,43.331413,17.844896,75.05227,30.66301,17.630655
510,93.430664,67.226555,20.496548,98.06429,70.09418,19.898424
511,72.2786,25.863363,22.802622,72.66741,15.473857,22.37984
512,87.405396,29.494661,21.85704,96.261086,27.359123,22.417534
513,63.87165,39.760742,17.154676,62.182705,30.67796,21.142159
514,110.3196,32.971798,24.319113,104.770615,38.86521,23.551973
515,88.42991,38.900864,20.88551,90.573425,31.847279,20.843506
516,105.34693,55.936058,24.10267,95.53781,58.247746,21.622967
517,91.243095,45.33697,20.691055,89.437065,36.58841,16.4458
518,73.144714,26.317865,18.017347,76.32851,27.892895,18.40198
519,65.42782,40.9291,19.717958,73.38231,39.05818,20.525114
520,82.41962,54.760902,18.53447,89.344925,48.278694,19.525133
521,84.51807,52.056522,20.301987,84.496605,49.51527,18.838295
522,63.632397,24.8881,17.672405,65.18418,24.247978,17.886091
523,106.45647,54.68285,23.236248,99.19357,33.764256,22.193798
524,80.8405,31.646986,20.496548,80.38096,31.066986,20.462694
525,77.29059,51.468678,20.107368,87.09011,59.939987,19.37204
526,99.463295,49.278667,19.051266,91.31862,55.80707,19.901413
527,72.22221,25.04837,20.496548,68.11449,22.4174,21.275623
528,99.2119,45.54405,24.10267,100.30896,46.980923,23.077154
529,76.988655,36.836346,17.844896,75.41217,31.196156,17.798944
530,97.6006,43.385223,21.079914,90.975685,48.6708,21.23298
531,104.79084,65.07295,23.886164,111.37229,61.757378,22.917698
532,83.000244,38.58938,18.879034,90.56402,38.45783,19.234869
533,109.6434,58.98274,21.662828,118.825096,61.996773,22.029827
534,106.62016,55.753777,21.274267,113.57318,79.65871,21.14573
535,80.79755,31.25921,22.802622,79.67935,40.62091,20.323906
536,97.36464,19.107033,19.39563,92.507225,28.765491,20.8163
537,95.10417,47.858517,18.879034,102.41477,52.032204,20.033306
538,84.31299,49.52327,18.53447,87.72662,41.34737,18.936697
539,109.420845,42.469746,24.751818,117.825806,51.396404,24.356216
540,95.76236,21.61085,24.10267,99.41402,21.285404,25.32931
541,72.45289,35.90744,17.672405,76.17929,42.407906,18.294147
542,85.98328,21.89539,24.319113,97.565414,26.11063,23.907024
543,96.20657,40.628426,23.886164,96.41083,39.206203,22.724144
544,66.143906,33.62698,17.327295,68.764175,30.574116,17.916473
545,91.01258,22.661858,21.85704,99.81535,32.317577,22.538746
546,103.022514,69.773605,21.85704,98.204124,52.622475,22.074654
547,79.760506,32.41174,20.691055,77.56954,35.929005,19.767189
548,99.14341,49.01183,21.85704,105.22681,43.23153,22.650408
549,118.65182,66.88742,24.535496,123.6899,68.77573,24.865139
550,100.3724,50.297806,21.85704,106.73173,44.87822,22.849258
551,89.44651,25.82348,21.079914,94.57946,39.217113,22.247862
552,92.781075,21.651297,24.319113,105.52288,37.663345,23.657799
553,77.50041,20.758802,20.691055,78.870674,23.076855,21.297096
554,76.61179,46.437973,19.717958,66.4234,44.838108,22.764027
555,81.379395,34.132465,18.362133,77.69878,22.994316,20.075735
556,93.626686,31.072613,19.051266,88.50598,38.00344,19.798346
557,68.883865,29.105398,20.107368,75.64113,41.745285,18.180187
558,100.69891,46.267258,24.10267,111.3853,58.87122,23.963627
559,68.96048,20.488884,20.301987,71.08069,29.998516,18.961119
560,94.644684,27.215538,21.662828,94.90074,32.90988,22.084154
561,78.30799,51.35759,19.717958,79.35232,47.65965,18.744402
562,115.83677,46.85078,25.184288,129.16373,59.800095,25.496088
563,63.722595,23.545568,20.301987,61.772926,18.840616,20.985731
564,99.57362,40.00085,21.079914,102.77497,54.978264,20.353334
565,92.57538,32.459408,23.886164,94.57558,48.394,23.487602
566,66.93687,30.873117,19.717958,76.281265,44.53262,19.971174
567,83.51163,63.09625,20.107368,90.69581,64.431015,19.679844
568,89.95658,31.89118,20.88551,96.60678,50.14724,20.249908
569,87.44064,37.460728,19.223465,92.42933,36.050407,19.464071
570,68.92591,39.777454,17.672405,71.68843,32.25671,18.090805
571,85.02474,48.984665,18.362133,90.17478,51.613625,19.007181
572,102.40017,55.461773,19.223465,96.256226,72.85075,20.361717
573,95.50819,44.908806,18.53447,97.43251,59.56197,18.864145
574,88.06097,16.806896,20.691055,91.12963,27.902306,21.463596
575,93.48056,36.156155,23.669592,89.20718,44.544636,22.638191
576,67.52966,24.348555,17.672405,69.54181,28.473965,18.075035
577,102.151535,61.266865,21.662828,111.46838,56.530003,20.803617
578,107.7081,33.878696,21.85704,112.38315,44.644978,22.51192
579,80.7459,31.009619,22.802622,80.85543,33.64807,21.173729
580,93.679955,31.872189,21.85704,94.660736,33.982533,22.16133
581,98.41281,43.573147,20.88551,101.001175,52.87893,20.316114
582,93.00596,46.28057,21.46857,89.257576,39.485855,21.704573
583,92.89002,59.573956,18.879034,98.41837,59.63778,19.512142
584,85.38457,49.450176,23.452955,94.1813,41.58763,22.821436
585,91.54564,34.97824,19.39563,90.9173,30.807411,20.477654
586,89.86274,35.21267,21.079914,85.51697,32.20471,20.99438
587,80.31356,37.19005,20.691055,78.23009,34.690357,19.839138
588,84.3101,39.804424,18.70677,92.911865,43.501934,18.966442
589,78.1634,17.103083,20.691055,75.436905,19.456074,21.907993
590,105.2987,50.21789,24.10267,109.09486,57.226044,23.644825
591,87.62568,39.09433,20.691055,86.37987,33.51836,20.549212
592,91.65228,53.31188,22.802622,84.78597,45.240482,21.330906
593,86.29658,17.00589,23.886164,95.44622,27.235783,23.829645
594,69.70969,35.044964,20.107368,74.25211,33.839302,18.764606
595,75.482254,35.531105,18.362133,81.097694,39.503838,18.738476
596,84.70494,29.344393,23.452955,80.90049,29.61433,22.476534
597,116.35636,77.2221,21.274267,114.21922,88.87047,21.473572
598,96.79415,32.766956,21.662828,100.93954,32.759605,21.817314
599,65.36562,19.854948,17.672405,63.163567,26.470154,17.392857
600,77.435135,30.796055,18.189758,82.94949,37.95231,18.046478
601,99.340294,29.69245,21.274267,96.67942,31.694157,22.279007
602,113.32545,74.75838,23.669592,109.10707,70.60746,21.961277
603,93.57029,37.2305,20.496548,93.65816,47.463596,20.256863
604,81.773125,30.845404,20.88551,88.82905,28.012497,21.341347
605,105.62873,41.11975,21.85704,108.049095,44.87831,21.248325
606,70.10593,37.276707,17.844896,72.83722,34.200516,17.800932
607,93.19147,40.82816,18.879034,94.534065,50.787884,19.285084
608,106.62084,44.336727,24.10267,117.19347,54.69239,24.4593
609,58.70176,30.441263,17.499872,60.29357,27.196293,17.579958
610,91.363365,60.011772,18.189758,91.45787,63.393486,19.451172
611,113.42152,49.34945,22.24533,114.93684,51.30152,23.238682
612,96.742294,67.29332,21.662828,108.18522,51.528812,20.792212
613,103.7834,33.407066,25.184288,109.2547,30.827236,24.135483
614,109.926506,79.78935,22.051208,127.052895,92.52725,22.879501
615,114.66823,50.088146,23.669592,113.94568,48.644733,23.309448
616,122.28444,81.02793,24.535496,118.92462,64.39435,24.11931
617,81.701996,47.69572,18.70677,87.66275,45.319324,19.481415
618,91.57953,43.85743,20.88551,91.62518,40.550358,20.536856
619,66.84251,24.192585,17.499872,66.56381,28.096825,17.636082
620,97.150894,32.060066,21.079914,96.10087,41.286915,20.835938
621,78.807755,24.758606,23.452955,81.79457,31.33722,22.5874
622,128.51416,55.977657,24.751818,131.59824,53.251987,24.981998
623,106.58564,43.884285,24.751818,110.62175,39.029713,23.74642
624,111.08524,60.908657,22.051208,118.4475,64.81559,22.783455
625,87.28305,47.066547,18.362133,88.798,46.46702,18.602371
626,58.26561,21.035278,17.499872,66.93495,25.365799,17.93824
627,79.71377,25.910307,18.53447,86.17991,25.576809,20.668488
628,120.100815,77.61845,21.85704,121.294975,77.45361,22.44631
629,86.51934,17.436117,20.88551,91.504234,28.86901,22.262934
630,79.14707,34.81043,18.362133,81.59228,41.82751,19.38227
631,80.25374,27.84732,23.452955,84.424385,23.19212,23.05162
632,83.65934,54.770218,18.189758,82.41961,52.497967,19.232386
633,83.78383,40.03657,22.5857,81.72575,32.37339,21.366604
634,65.989426,43.42804,17.154676,71.88854,40.80025,19.190863
635,80.27194,17.17763,21.079914,82.14086,27.6361,22.005333
636,76.12506,38.807365,17.672405,74.730576,30.86596,17.55064
637,76.815216,30.624063,19.717958,66.80545,37.934685,20.275301
638,92.14347,40.36148,19.39563,90.27853,37.668655,20.092838
639,76.98972,45.265736,17.499872,79.97302,44.064056,18.856096
640,68.076614,25.833048,17.154676,66.320175,22.325237,18.039747
641,116.32776,80.85404,21.662828,122.50029,84.76385,21.845846
642,85.79467,14.362833,19.051266,88.0345,25.99501,20.863716
643,82.269226,46.879875,22.368696,85.20627,48.620144,21.432276
644,92.00464,28.260187,21.274267,94.92981,27.398407,21.794395
645,85.15185,27.192324,23.886164,93.27172,27.20322,23.173834
646,76.46004,32.65503,22.5857,77.005165,34.3328,21.974836
647,81.24895,26.173027,21.274267,94.52534,35.601376,20.649448
648,79.85128,39.56076,18.017347,83.81336,35.247612,15.866047
649,89.766884,45.287106,23.886164,98.705765,47.370464,23.529472
650,80.67661,21.621016,22.5857,80.71077,22.52626,21.983408
651,104.06982,35.585003,24.751818,86.10248,23.999352,22.912474
652,84.29397,50.604374,18.362133,86.07948,49.075043,18.3805
653,92.376434,58.788795,21.274267,102.55809,56.28531,20.305906
654,93.94385,42.28941,19.051266,97.85982,41.494392,19.657259
655,66.92208,35.894745,17.499872,67.48773,31.082779,17.944921
656,96.93987,50.588703,19.051266,84.514626,55.02894,19.431213
657,91.975624,29.807404,19.051266,88.126335,34.936195,20.019281
658,65.36243,19.6099,17.327295,65.12977,23.948181,17.997013
659,82.207596,28.262934,23.452955,68.87604,27.967846,20.707916
660,122.63401,81.968895,24.535496,135.81613,94.99742,24.712864
661,79.99112,15.021652,18.70677,81.2896,27.598972,20.789146
662,84.66803,36.43071,17.844896,72.22598,32.011406,21.45092
663,93.378746,28.82126,21.662828,99.62312,29.51437,21.907354
664,80.707184,27.373087,18.362133,80.46761,33.313736,18.801233
665,104.70617,26.462019,24.535496,114.621086,38.12243,23.865944
666,97.79594,31.923578,24.10267,95.034546,21.807808,23.98973
667,67.47928,17.857018,20.301987,71.554825,24.432877,20.508667
668,103.41756,34.20074,23.669592,100.47206,42.31698,23.050022
669,91.305336,30.814001,24.319113,95.33107,35.254566,23.459229
670,78.036835,37.50199,20.301987,76.43161,28.912792,20.934792
671,96.189354,61.629673,19.39563,107.30611,75.333275,20.909874
672,64.40925,27.241068,17.844896,61.836555,27.385944,17.55603
673,95.25486,61.341606,23.236248,98.28779,70.64349,21.862
674,106.65494,41.810123,25.184288,112.64252,41.21043,24.215767
675,72.120926,22.56808,23.452955,78.91295,23.479244,21.610756
676,77.284645,22.938135,20.107368,61.84904,20.573055,19.299013
677,102.98416,89.315994,18.879034,110.19365,92.08069,21.705154
678,66.16007,42.89006,17.154676,72.534454,39.338207,18.93996
679,101.48426,34.71061,21.85704,107.829666,43.53102,21.17352
680,87.898346,56.558758,18.189758,88.56988,67.47908,20.091476
681,70.51539,40.112602,20.107368,74.7367,37.774414,18.66612
682,84.88128,52.0628,18.53447,86.3018,44.137363,18.985636
683,104.55569,40.01708,21.46857,97.41374,30.27787,23.180525
684,121.57364,71.98627,24.751818,129.71362,79.673515,24.036282
685,88.50209,19.108866,18.362133,83.59048,27.63219,19.597519
686,79.47264,46.607697,17.499872,78.74052,49.60317,18.696331
687,63.808594,21.89438,17.844896,73.09021,25.521084,18.19136
688,97.20464,25.594143,21.079914,94.11859,33.579018,20.219238
689,76.018425,30.31437,20.691055,76.64702,29.21415,22.810093
690,69.48492,25.196638,19.912693,69.26924,24.68092,20.198435
691,133.51956,53.01251,24.535496,132.0936,54.323433,25.212486
692,72.0037,27.422586,18.53447,81.37361,28.957493,19.146252
693,83.559105,20.76595,20.88551,84.300026,20.869202,22.420033
694,79.60236,25.1666,23.019472,78.49138,29.1758,21.15912
695,85.94163,57.66087,17.844896,85.34249,46.567028,19.361885
696,85.250175,19.413683,18.70677,84.310616,26.024807,20.128958
697,71.24012,27.371351,17.844896,72.53859,25.607315,18.439745
698,104.5758,76.34071,21.274267,110.03561,70.93253,19.587004
699,85.39239,49.176468,17.844896,85.51502,44.61963,19.100798
700,87.79273,26.05596,21.079914,88.48548,27.593845,21.543133
701,99.70419,44.72354,24.10267,111.063614,59.532757,24.023375
702,82.61527,22.236788,20.88551,68.65231,28.53711,19.572357
703,97.32251,81.02737,18.879034,109.63953,89.09095,21.454838
704,67.036514,31.33944,17.327295,59.65719,20.267399,19.577906
705,96.65434,30.591043,22.24533,105.06709,31.302017,22.904118
706,81.7151,29.403048,20.301987,82.87105,32.521214,20.193682
707,103.3847,42.334682,24.319113,107.34084,38.470226,24.115913
708,97.4501,41.346054,19.39563,100.8115,52.356506,20.422024
709,93.52978,58.98247,18.189758,89.75427,62.847195,19.460777
710,72.496,30.589943,18.017347,76.110985,30.155071,18.759844
711,108.13863,48.860195,24.751818,111.525734,57.67812,19.81251
712,106.00779,32.356285,24.751818,110.63118,29.357033,25.19939
713,59.384686,19.546984,17.327295,61.665073,28.939754,16.916763
714,109.6098,43.637955,21.662828,119.31864,62.799374,21.977993
715,74.830666,15.92416,20.496548,73.62252,16.014595,22.364315
716,98.62175,44.80767,19.051266,84.529976,55.474495,19.449389
717,118.645065,61.602993,24.535496,124.826546,70.00302,25.12659
718,105.00083,21.245499,24.751818,101.99207,20.779175,26.00451
719,82.39184,48.226585,20.496548,86.66395,45.32601,20.762865
720,109.75907,47.21528,21.662828,109.08993,53.87375,20.975729
721,96.61005,28.717062,22.051208,111.58593,33.771717,22.606472
722,98.60288,62.22972,21.46857,99.23902,53.022427,20.986841
723,129.54358,61.14593,24.535496,133.4524,62.8814,25.466766
724,106.18765,71.71792,23.236248,102.00183,75.99487,21.081448
725,92.276215,58.574356,18.879034,96.40438,60.948845,19.008038
726,72.413086,24.21279,22.802622,79.36619,32.144737,21.872921
727,84.39058,30.22159,23.886164,88.225296,34.236946,22.889458
728,63.995937,15.685806,20.301987,72.00362,14.906917,22.453348
729,98.302505,29.457941,21.274267,107.904526,50.376102,21.263176
730,81.05769,29.352907,20.496548,73.628174,24.14061,20.484756
731,65.22972,11.355703,17.672405,67.277985,19.397034,19.822607
732,98.44498,39.671436,19.39563,93.99564,29.224785,20.896976
733,83.86793,41.97956,18.70677,90.12655,40.16787,19.102901
734,79.94658,40.281082,18.879034,86.44307,33.806618,19.13833
735,71.38592,41.142063,19.717958,80.24987,54.3104,19.694931
736,76.12096,32.089718,22.5857,80.64206,36.215706,21.08467
737,65.67625,29.729599,17.499872,68.255875,27.43436,17.709682
738,82.86746,31.83187,18.189758,88.46427,42.162968,18.700909
739,90.56752,21.871315,22.802622,92.84905,29.681992,22.384043
740,93.257256,46.380913,21.274267,92.52254,39.170544,21.496157
741,74.19502,31.041468,18.017347,73.88304,29.988728,18.480755
742,68.64887,32.453796,17.499872,78.55558,40.598995,18.848394
743,102.24421,30.68313,22.24533,107.76188,32.67755,23.833858
744,90.57744,36.19407,20.88551,82.314644,36.717167,20.111277
745,65.523056,22.953852,17.499872,57.44531,24.109158,16.369232
746,107.38507,73.10201,22.051208,115.6461,94.03445,22.124588
747,58.659916,19.837807,17.499872,66.84779,26.154099,17.840849
748,105.41481,58.12599,21.662828,107.979614,45.420605,21.678823
749,89.9271,49.18359,18.53447,82.35359,57.44195,18.036457
750,68.1919,26.149609,18.189758,68.71349,24.512764,18.314915
751,92.31293,42.95324,21.079914,86.50106,36.965076,20.927856
752,84.50365,34.263626,18.362133,77.271225,20.516853,21.107456
753,91.08983,48.580933,20.691055,91.55084,42.676796,20.537169
754,65.68916,21.25309,17.672405,66.21478,25.44918,19.060884
755,86.720695,47.491196,18.189758,89.40164,44.576607,19.452625
756,133.84659,108.142784,24.535496,141.88263,108.47546,25.074087
757,62.865837,34.393215,17.154676,70.364,36.7758,18.67672
758,83.803635,33.05051,18.70677,83.89774,28.081627,20.255089
759,66.20269,22.525892,23.019472,77.40582,30.190273,21.810541
760,101.41254,43.151432,19.223465,103.28503,53.2792,19.876865
761,98.68532,31.566935,21.079914,98.299614,42.925022,21.271744
762,78.40836,33.928112,20.107368,79.24997,37.617184,21.04006
763,59.52665,20.093243,17.499872,63.73006,25.644741,18.0401
764,89.75325,48.169704,18.70677,89.08296,46.870243,20.00122
765,78.545395,40.844807,20.691055,81.58577,34.775562,19.978895
766,80.70536,17.93492,21.079914,82.38928,17.132797,23.61731
767,69.79193,22.138819,18.70677,61.598343,19.505512,18.898794
768,79.156334,35.85677,18.017347,85.91295,50.024025,18.836437
769,88.81304,35.206043,21.46857,101.82715,47.600502,22.53524
770,90.90224,27.897324,21.274267,93.46522,27.24683,21.657051
771,79.76494,38.660286,18.53447,84.375145,33.649036,19.342472
772,87.72682,15.539621,19.051266,91.49293,25.673649,21.725887
773,79.51773,30.5977,18.362133,78.46468,23.614376,19.954622
774,76.10623,24.483551,22.802622,82.453545,35.62205,21.56216
775,71.574265,29.138042,18.017347,72.81225,37.891754,17.93743
776,122.40204,73.59367,21.662828,121.851364,89.533424,21.903185
777,103.24663,64.033035,21.662828,111.66348,70.892525,22.491451
778,79.906265,35.18577,22.5857,81.69666,36.588474,21.727407
779,65.927055,22.026928,18.017347,68.931244,16.696362,21.097466
780,90.56834,30.995485,23.669592,98.68817,29.360374,23.631098
781,122.20862,104.231064,24.10267,130.2978,108.797264,23.645206
782,87.958046,37.843266,18.362133,87.70533,31.982548,19.003948
783,99.76615,67.35174,23.452955,94.10396,56.355812,22.078392
784,59.582546,29.852905,17.499872,59.138542,26.370686,17.331749
785,62.447853,27.372055,17.327295,69.38665,32.17791,18.115366
786,103.81052,48.668903,23.886164,109.72719,63.30069,23.083366
787,95.519966,28.734306,22.24533,102.987854,33.114014,22.952736
788,84.06722,40.15603,18.879034,88.74282,41.521107,18.691137
789,86.08129,33.447742,23.886164,87.81812,34.868343,22.843851
790,115.16495,106.48299,21.85704,124.260765,96.91371,22.642271
791,82.33364,37.043003,23.019472,87.04151,41.943638,22.770227
792,81.70895,50.390316,17.499872,84.87493,57.545033,19.44976
793,106.09983,49.97583,23.886164,113.634766,71.76204,23.178581
794,81.36524,40.176556,18.189758,81.54719,35.004307,18.49787
795,92.851555,25.658735,21.85704,94.28277,22.853138,23.57161
796,81.46263,60.697617,22.368696,83.21362,40.188652,22.014912
797,97.285034,44.369984,23.669592,99.82809,33.523544,22.575356
798,73.85611,31.207884,17.844896,72.82826,26.62672,18.402853
799,75.80789,28.079052,23.019472,77.522125,28.352734,21.4762
800,96.59932,33.454693,19.223465,86.15825,32.10262,19.889284
801,109.59596,50.17376,24.751818,118.824875,50.299473,23.775105
802,89.70041,68.823616,18.879034,86.2481,49.509922,23.891338
803,116.37161,70.57179,21.46857,112.443665,81.17162,21.781069
804,81.47474,37.887676,20.691055,83.66083,35.563465,21.289877
805,51.140007,41.096603,17.154676,69.328064,40.131466,19.216316
806,60.01481,27.254343,17.672405,66.12564,29.075516,18.178276
807,103.51007,55.903313,19.223465,113.48862,87.76611,20.770317
808,92.750725,32.42126,19.051266,84.33765,31.971996,18.167023
809,100.55069,58.426167,22.802622,97.628456,69.12279,21.040878
810,85.867134,73.82793,18.879034,102.357216,64.317535,20.017527
811,80.524704,31.364483,23.236248,84.06064,30.447548,22.71843
812,89.082825,56.275364,19.39563,96.78574,67.927704,20.273022
813,78.44617,41.029003,20.691055,83.35645,39.672726,20.154482
814,124.586006,48.768585,24.968082,107.93969,55.36838,23.006763
815,67.86574,38.954124,17.154676,70.41351,35.429314,18.435976
816,88.2079,24.098003,19.051266,79.57215,26.53358,20.408009
817,65.18808,22.322466,17.844896,62.93867,22.69971,18.167965
818,96.44767,47.4513,21.46857,101.56436,48.797474,22.470425
819,61.419468,24.47167,17.499872,64.089066,25.00082,18.12578
820,84.44938,61.18277,17.844896,90.30936,63.02061,19.711298
821,86.27229,45.324245,18.70677,79.34583,49.339977,18.83622
822,100.0201,54.448677,23.669592,94.484406,44.68636,22.71611
823,78.738205,24.998194,23.452955,80.938705,15.855231,23.79928
824,95.05718,25.75978,19.051266,88.18545,30.703426,20.312172
825,103.82779,40.431778,22.051208,103.3515,42.42207,21.763271
826,103.87444,25.425829,24.751818,100.60884,24.46537,24.15654
827,76.28983,52.971607,17.672405,81.64309,55.09802,19.256577
828,82.96516,42.112873,23.019472,87.99524,44.362995,21.327572
829,91.88749,62.385265,22.802622,90.98237,42.78823,22.345955
830,68.515045,29.179691,17.327295,67.71387,27.179577,17.548113
831,82.23179,35.86354,20.301987,80.91172,42.344826,20.367159
832,99.67474,57.73168,19.39563,95.95869,71.13809,18.896187
833,113.788025,86.72201,24.10267,105.3038,74.388435,25.31165
834,121.803535,53.14277,24.968082,131.3318,58.956753,25.572586
835,76.612404,35.56505,17.844896,74.67198,29.809208,17.995985
836,72.06407,21.065691,20.691055,73.00682,25.64492,21.322289
837,91.408005,36.781616,23.452955,91.93703,41.4203,22.899387
838,87.10433,31.002644,20.88551,90.208694,35.818077,21.084536
839,74.39896,28.886997,20.107368,72.6036,24.103962,18.913767
840,79.672646,36.63693,18.53447,84.02045,38.03053,18.297518
841,69.96018,35.83014,22.802622,76.30768,36.562153,22.031214
842,94.535385,54.079468,22.802622,93.83756,50.41995,21.70013
843,92.392075,45.237366,20.88551,90.43129,35.740818,20.455685
844,75.02092,46.457607,19.717958,80.48901,55.658295,19.382044
845,83.5613,24.534437,18.53447,86.02609,27.140934,19.923962
846,106.1338,76.86262,23.669592,117.60905,85.23171,23.122658
847,88.22298,55.48472,20.691055,92.59751,45.16257,20.404482
848,73.09905,25.351284,18.017347,71.45723,26.89796,18.4011
849,81.05465,46.586056,17.499872,79.0346,44.71042,19.299831
850,102.039085,28.644083,24.751818,102.7631,29.028988,24.020594
851,100.484375,81.61912,20.88551,105.85868,73.6093,20.348152
852,63.748894,21.223106,17.672405,66.53884,24.792675,18.014505
853,84.39424,25.64846,20.107368,83.18284,26.872036,20.554789
854,94.022766,31.984287,23.886164,101.36201,32.581085,23.580395
855,125.69977,65.1458,25.184288,113.50494,70.90682,23.187801
856,93.86553,31.596916,19.223465,89.10611,31.797329,18.495049
857,71.82733,30.018734,20.107368,72.25062,29.013779,18.648046
858,100.75059,52.24406,19.39563,100.20288,51.50003,20.442577
859,78.59101,26.481607,21.46857,98.55325,37.946983,22.053055
860,68.8366,39.79148,17.499872,77.292274,40.8269,18.952686
861,79.8186,26.30867,18.362133,79.627556,26.199524,19.295221
862,113.84001,69.13101,23.669592,110.63133,74.72236,23.000156
863,96.36233,37.816486,23.452955,100.17881,47.173363,22.69834
864,86.960754,34.328037,18.879034,92.092316,40.7201,19.790436
865,74.59968,43.184258,17.499872,78.04137,51.350304,18.883165
866,114.11288,84.93185,24.10267,125.681625,90.19617,23.87222
867,90.5877,49.199543,18.53447,95.41596,63.738697,19.40583
868,90.901184,37.540005,20.88551,90.724815,41.769146,20.15637
869,104.27369,32.331203,24.751818,105.11598,35.627903,24.135248
870,94.095345,63.735184,23.236248,93.618355,60.201347,21.228836
871,88.54139,38.090015,23.452955,94.63379,38.043175,23.3553
872,82.57779,25.38797,18.53447,86.00073,27.868042,19.594181
873,102.854355,45.6216,22.24533,101.04714,45.209965,20.981407
874,63.979313,26.150064,20.301987,66.45693,22.488163,20.600433
875,86.82055,65.96835,18.879034,102.37759,62.827213,19.795057
876,101.06573,31.10563,19.051266,96.03809,38.846725,19.110807
877,108.41219,68.99551,21.46857,110.68278,64.986084,21.564558
878,108.20517,46.11314,24.319113,118.070366,43.182476,24.872414
879,103.032814,57.61196,21.274267,108.86622,63.07645,20.589859
880,75.84194,43.217796,17.844896,76.878006,32.48253,17.79377
881,79.46376,44.869442,23.019472,83.42545,45.88169,22.487059
882,75.143585,35.516888,22.5857,76.1733,33.42445,21.454327
883,88.28083,35.48706,20.88551,83.44041,33.51209,21.286795
884,102.9995,79.971695,20.88551,97.72531,75.49693,19.554798
885,123.95739,74.42197,24.968082,133.04062,80.34424,25.053162
886,72.22734,29.705324,18.017347,65.63977,28.726254,17.269829
887,93.60821,23.69751,24.319113,99.27133,29.81282,22.930023
888,105.582275,57.312527,21.46857,110.936325,59.828377,20.938877
889,79.639534,41.950077,18.879034,72.48441,31.74757,17.303999
890,95.16413,25.459528,21.662828,101.39238,30.696857,21.76153
891,86.18469,38.972507,18.70677,86.63433,32.212822,19.792833
892,92.75902,49.26598,20.496548,95.67428,59.050583,20.482471
893,60.869984,48.188778,17.499872,72.09861,41.700226,19.361965
894,58.322968,22.685791,17.672405,63.942284,18.289219,19.4101
895,100.398155,42.4984,21.274267,106.501564,49.972206,20.265368
896,89.868546,41.641838,23.019472,86.117325,31.097496,22.53075
897,72.822,33.924393,19.717958,68.65054,43.82872,18.611837
898,74.74466,27.340956,20.691055,86.63838,32.405228,21.219944
899,72.89613,31.933561,22.368696,80.56747,41.47853,21.743517
900,69.92272,29.234531,17.672405,72.152306,32.671467,18.169144
901,87.93601,60.0271,21.274267,103.55229,59.52977,20.17296
902,86.203445,48.913013,20.107368,79.84374,45.82632,19.474594
903,67.9319,21.802849,18.362133,69.50102,23.068108,19.235
904,97.957245,21.93767,24.319113,98.42769,26.291935,24.111168
905,94.67117,37.907944,23.886164,101.670715,38.779037,23.433163
906,80.57406,49.416714,17.499872,81.096794,48.256187,19.25611
907,128.89966,78.671455,24.751818,129.23413,71.74273,25.132654
908,70.38945,19.73329,18.017347,72.99685,22.540222,19.312292
909,94.95432,34.06761,24.10267,100.482895,37.162506,23.554077
910,93.85802,68.18458,19.051266,95.11805,68.777435,20.306131
911,86.11903,57.046783,20.301987,80.47296,41.15151,19.60928
912,88.83547,37.821632,18.879034,94.34459,41.153503,18.990452
913,82.96925,42.021255,23.019472,90.69346,40.785168,22.561918
914,80.21157,44.666862,22.5857,81.6051,47.439045,21.638138
915,107.907295,62.527176,21.079914,98.48983,65.75734,20.36845
916,71.008705,28.942629,20.301987,77.42762,24.718807,21.06224
917,84.72752,35.80555,19.39563,91.021416,28.168133,21.446991
918,114.30752,64.41733,24.535496,123.6515,61.887764,23.404446
919,84.26313,60.760857,17.499872,82.74278,60.248894,19.507713
920,79.20345,15.069444,18.362133,70.45832,18.21933,20.766163
921,66.80579,22.696838,17.844896,72.27164,24.813042,18.258406
922,94.48121,24.610315,19.39563,82.19383,22.494308,22.202282
923,84.77878,42.46023,18.70677,86.88002,46.136597,18.89736
924,107.22117,35.653625,24.968082,116.70743,31.51641,24.652256
925,98.56105,53.411392,22.802622,98.90081,69.41127,21.240675
926,75.079834,38.116524,20.301987,74.997314,33.366417,20.796566
927,60.51798,26.15771,17.672405,61.612125,23.053082,18.409712
928,100.866554,56.298134,19.223465,96.98097,68.94031,20.285564
929,118.47674,97.657555,21.662828,124.28509,77.739944,22.051752
930,90.944,27.230715,23.019472,94.166534,28.86621,22.883585
931,107.30406,45.7037,24.751818,117.96218,54.324448,24.58088
932,105.70691,59.644318,19.051266,100.44413,55.87767,19.748873
933,105.30321,31.231611,24.10267,111.58451,43.71176,23.712091
934,76.41512,28.369812,22.802622,77.263245,27.42466,20.944553
935,96.74027,51.27947,20.88551,104.89833,66.94787,21.038052
936,91.49786,25.65842,21.662828,95.5976,30.895035,21.615234
937,79.43019,23.36617,23.452955,92.31796,36.671425,22.662466
938,99.75215,53.15222,21.662828,104.10848,39.44891,21.487263
939,95.00382,17.723637,19.051266,82.04801,22.837646,21.044138
940,88.299576,32.769367,22.802622,92.91454,41.439816,22.05698
941,85.99782,23.171354,23.886164,88.83969,28.294353,23.194893
942,84.69752,45.983746,20.107368,85.40386,49.602592,20.084799
943,115.375336,38.340637,23.669592,111.01627,41.69316,23.706045
944,84.70644,37.88291,18.70677,94.98135,50.893673,19.287466
945,75.80347,37.58522,18.362133,83.44101,46.337685,18.560879
946,100.823166,37.38777,21.274267,110.007324,49.99849,20.738817
947,75.25661,38.02085,20.301987,73.30137,33.570835,19.353153
948,71.388016,25.542013,20.301987,71.31277,36.079132,18.789602
949,110.11508,65.07458,21.079914,98.585205,59.17422,20.66783
950,100.86477,50.028606,24.319113,107.50004,52.67049,24.148882
951,91.62289,25.061537,19.051266,79.57651,38.775677,17.996428
952,107.84681,46.678444,24.10267,125.17087,67.07928,24.778358
953,77.46455,40.1624,18.189758,85.01561,42.761837,18.876575
954,101.40161,48.360508,21.274267,99.0983,63.429058,20.944622
955,77.002754,32.69017,22.802622,77.45049,30.774784,21.2458
956,88.21977,55.435852,20.691055,92.966515,50.139656,19.359982
957,84.883514,43.37255,18.53447,75.83565,47.771797,18.849483
958,118.929115,66.17542,24.319113,123.43222,60.740673,24.785969
959,67.526436,22.258512,18.017347,64.632065,20.504787,19.27031
960,91.05757,36.540295,21.46857,98.40097,37.24645,21.413303
961,69.91405,27.460627,20.107368,74.06746,41.18,19.101784
962,82.42145,28.89226,20.691055,80.00044,39.772,19.773685
963,104.37588,60.455414,23.886164,113.69075,66.72775,23.108677
964,83.38174,46.09809,18.53447,92.04906,46.883305,18.576517
965,74.04537,29.71615,20.107368,73.43994,32.652294,19.765312
966,76.02783,51.04162,20.496548,85.37156,46.992966,21.279278
967,72.84803,33.824787,22.802622,76.13768,33.77985,22.027756
968,75.22309,32.19463,18.362133,83.11491,30.274288,20.506474
969,85.52508,43.525734,18.53447,82.78507,46.470165,18.842875
970,103.59874,73.45365,22.802622,89.66444,61.59835,20.302486
971,71.27994,29.811037,23.019472,75.08557,14.952017,23.020084
972,85.51348,35.153492,21.274267,99.48747,44.24881,21.631931
973,118.99067,91.959435,24.319113,128.29843,96.596756,24.445572
974,120.48117,96.95423,24.10267,123.38248,94.14413,23.204762
975,98.31111,21.360743,20.88551,99.05997,37.410847,21.060013
976,59.92365,27.410145,17.327295,63.36938,27.053154,17.835075
977,93.35236,30.698816,22.051208,110.7687,36.067566,22.62471
978,66.289055,34.67986,17.327295,69.95941,31.988739,18.02547
979,95.34125,35.846653,23.886164,98.649956,39.85425,22.769487
980,74.86216,35.73109,20.301987,73.132256,37.963478,19.344776
981,95.21589,42.66892,19.051266,95.05299,62.258804,18.208422
982,81.28855,35.71274,18.189758,65.07585,24.714748,17.181263
983,106.3248,55.519203,21.46857,107.74158,64.37603,19.285786
984,94.44766,46.345737,23.669592,91.50768,41.747936,22.90428
985,86.160164,48.820877,18.53447,95.00094,68.6793,19.809471
986,76.895546,26.541664,18.53447,84.205025,29.091991,19.354317
987,103.177765,64.7129,20.88551,103.69479,65.505516,20.129429
988,72.90468,22.679647,18.362133,70.06685,21.033905,19.48961
989,85.807365,30.387817,21.274267,97.609634,36.893085,21.336227
990,108.80681,41.141994,21.662828,119.593376,52.614613,21.603287
991,81.372055,34.628292,23.236248,85.3115,36.906536,22.374763
992,96.55337,34.920578,23.886164,92.6333,35.442616,22.30303
993,97.77232,46.241234,21.85704,105.153114,41.546013,23.078007
994,87.89966,38.79954,21.274267,88.49587,38.17574,21.776106
995,130.13818,80.48127,24.751818,124.60709,79.51245,25.660973
996,114.74231,51.60142,24.535496,120.76897,62.558407,24.738598
997,87.43752,34.93728,23.452955,92.76027,33.362423,23.827602
998,119.590416,72.690834,24.319113,106.86854,64.16667,28.193493
999,75.288994,32.425205,19.912693,74.25349,29.118347,18.748388
1000,89.32896,30.748068,19.223465,91.07648,32.311768,20.41312
1001,100.25175,33.7274,24.535496,104.19955,31.196522,23.932344
1002,87.028076,38.162106,22.802622,92.06604,47.14119,23.246021
1003,100.77924,47.198048,23.669592,106.65082,40.676823,23.219147
1004,66.944496,17.815939,23.019472,63.52404,21.09468,20.845932
1005,65.18035,21.848404,23.019472,78.30949,29.156204,22.072172
1006,104.68079,44.048347,22.24533,110.28944,44.023106,23.2767
1007,117.01793,50.500446,24.968082,131.93503,67.876595,25.530642
1008,78.03654,42.34313,18.189758,81.5264,45.46957,18.210224
1009,108.52457,106.47869,21.85704,117.05283,95.33898,22.16884
1010,74.47352,36.010937,19.912693,73.81586,32.799187,18.276043
1011,86.77704,36.582508,24.319113,96.92333,30.463882,23.695553
1012,93.43701,24.412436,19.39563,96.929565,30.498802,21.888222
1013,73.585266,28.435883,18.017347,77.00273,32.23914,18.56559
1014,85.468956,28.96211,18.53447,86.896614,34.80905,18.763332
1015,87.232925,54.791378,23.236248,102.13124,54.535934,22.929329
1016,74.20405,30.43774,20.496548,73.97099,28.066944,20.764294
1017,80.55036,23.173254,18.879034,87.23404,30.362091,18.726479
1018,75.36218,35.067028,18.362133,80.33124,34.83084,18.93702
1019,87.057846,25.116505,20.88551,92.19916,36.897694,20.742357
1020,94.85189,35.36715,24.10267,99.91631,44.783867,23.649776
1021,120.87859,80.99227,21.85704,112.90926,75.52006,21.335968
1022,101.72578,50.719383,23.669592,106.862236,44.076355,23.39627
1023,91.636086,63.269028,18.189758,91.227394,54.58672,18.671247
1024,57.100067,29.811712,17.154676,61.2592,30.708935,16.357834
1025,95.745514,26.334341,24.10267,105.38442,36.00161,23.868103
1026,99.007706,46.933975,21.079914,100.05315,38.097206,17.941017
1027,77.49225,38.49184,20.301987,86.32619,53.380444,19.00115
1028,82.82494,34.073456,20.496548,80.51669,32.30424,19.554333
1029,78.96581,30.699825,18.70677,86.0983,30.428959,19.474987
1030,88.13863,27.197235,21.079914,88.35488,29.917385,21.670063
1031,82.74286,39.026268,23.236248,87.51404,27.516563,22.548021
1032,95.0509,25.456581,18.70677,92.45133,32.776085,19.845066
1033,131.8145,93.33205,24.751818,131.48471,93.00021,24.529793
1034,116.12937,89.28723,24.10267,130.20538,88.68963,24.129765
1035,82.74193,56.39078,17.844896,83.90709,58.00039,19.212078
1036,96.529396,52.883064,20.88551,87.43183,38.977337,19.940643
1037,105.64784,50.36829,24.10267,107.13432,53.156635,23.272896
1038,115.02634,71.488785,23.669592,112.96941,79.18704,23.611286
1039,104.75417,32.978718,21.46857,104.481834,39.330383,21.89859
1040,106.73655,33.589268,24.319113,111.029106,37.894375,24.110289
1041,74.70326,19.659422,20.107368,81.081436,28.961525,20.665121
1042,87.43707,39.778526,22.802622,89.75435,42.416462,22.882496
1043,85.132095,59.563442,20.496548,94.45747,69.770905,20.050566
1044,75.27213,26.118181,21.079914,81.356186,31.644875,21.64839
1045,98.79725,43.38564,23.669592,98.72534,43.809483,22.904633
1046,65.39936,45.91128,19.717958,64.11294,42.639297,19.002403
1047,100.92323,28.421041,22.051208,101.69287,38.431183,20.431051
1048,71.19962,28.516306,17.672405,74.86629,28.109917,17.6445
1049,79.693344,37.19194,18.362133,82.36271,32.48891,19.204357
1050,84.97209,58.35418,22.368696,84.25057,43.2183,20.882774
1051,94.79937,38.798634,21.079914,91.32334,45.41768,21.163397
1052,84.41826,64.486664,20.107368,91.779724,68.506775,19.979286
1053,68.26837,35.166206,17.154676,72.25563,37.538597,18.447401
1054,100.26288,50.72082,21.079914,102.70536,51.964245,20.997425
1055,94.12922,42.195736,21.85704,100.24548,36.104603,22.29662
1056,104.86358,23.785435,23.886164,104.22787,33.151108,23.614498
1057,92.88235,62.893333,20.496548,93.94597,69.74641,19.417517
1058,66.46545,31.786228,17.327295,68.5631,28.301167,17.594477
1059,60.608593,21.406485,17.672405,63.10286,19.373514,19.25281
1060,79.05024,42.070183,23.019472,83.93197,37.890827,21.785505
1061,90.48153,38.91348,20.88551,83.230484,34.391426,21.24
1062,99.01693,22.683727,19.223465,95.76385,30.927494,20.24242
1063,100.72921,36.223328,21.46857,96.26582,35.358746,22.407335
1064,77.64181,40.72254,17.844896,81.84813,40.930565,18.810526
1065,105.65302,25.852484,24.535496,104.951355,22.849014,25.76916
1066,113.48198,101.272896,21.85704,117.80779,97.270035,22.041845
1067,127.4667,95.59963,24.535496,124.78956,96.00575,22.987286
1068,52.08752,42.93614,17.154676,60.094574,38.188244,18.085674
1069,97.20883,24.955976,19.051266,92.49701,35.830982,19.655235
1070,68.690186,39.603725,17.154676,75.8504,30.61884,16.304922
1071,85.94277,28.366758,21.274267,97.27745,37.115433,21.135323
1072,81.798935,30.21711,20.496548,78.612656,26.907597,20.38991
1073,78.86328,32.43931,18.362133,84.63458,36.42785,18.699993
1074,106.333336,41.056538,24.968082,114.98094,40.257324,24.419296
1075,69.021645,40.21034,17.154676,73.132774,41.839874,19.063631
1076,69.159096,30.835127,17.327295,63.9287,26.337711,17.616825
1077,57.54514,37.486866,17.327295,62.508633,31.173119,18.651999
1078,97.70026,42.92159,23.886164,101.86818,43.46954,23.41864
1079,87.98984,41.95176,23.236248,85.925186,35.87337,22.408201
1080,91.34728,41.40624,18.70677,92.38724,30.864353,19.566498
1081,65.066315,26.537273,17.844896,41.351486,21.303604,15.338213
1082,84.854576,24.097864,18.70677,83.90065,25.651283,20.16699
1083,89.71927,73.523705,18.879034,101.19727,61.366447,19.438997
1084,103.92802,44.333736,24.751818,117.92558,55.309383,24.737701
1085,112.692116,52.97456,24.751818,121.88056,61.64702,24.926193
1086,85.53939,29.529072,21.079914,87.74231,32.713768,21.013203
1087,71.909584,39.404346,19.912693,74.63272,43.82814,19.60331
1088,86.55716,40.07859,18.017347,80.97217,43.107506,18.348902
1089,76.75782,32.479336,22.802622,77.39831,29.097538,21.469177
1090,79.89998,37.862705,23.236248,91.23421,45.14359,22.157871
1091,57.9792,41.621902,17.499872,73.94314,40.47732,19.058094
1092,103.13016,43.341446,21.079914,100.31986,51.701797,20.112675
1093,122.56868,34.572315,24.968082,124.998825,40.3933,25.827034
1094,89.17367,48.68482,22.368696,86.309975,44.072105,21.06924
1095,119.89402,71.040764,24.535496,122.353455,68.018715,24.519371
1096,84.17505,64.35,17.844896,86.68153,57.730698,19.105238
1097,109.5056,52.7503,24.535496,120.35636,47.386036,24.951637
1098,73.17263,39.370613,17.844896,79.10441,45.28057,19.222334
1099,95.50986,73.229294,18.189758,95.47297,75.40475,20.626657
1100,101.82769,78.69713,18.70677,98.76325,73.42611,20.139912
1101,80.4309,59.264668,22.368696,83.48901,44.82538,21.513765
1102,97.11229,39.283997,20.88551,99.62686,41.9922,20.363916
1103,86.23821,39.365505,18.70677,85.23404,32.9432,19.666544
1104,121.59585,71.189964,24.751818,114.74939,52.998283,24.156408
1105,71.585304,33.01367,17.844896,71.64627,31.769154,17.622553
1106,99.87684,45.32603,21.274267,101.73138,53.902596,21.752312
1107,91.72007,33.085274,18.70677,92.630875,32.060917,19.078892
1108,69.64677,26.70164,17.672405,68.580185,23.97567,18.87453
1109,83.72358,53.362335,17.844896,84.924545,50.34759,18.545162
1110,85.94514,38.25171,23.452955,91.84519,50.525578,23.029318
1111,91.49006,48.60649,18.362133,83.83671,57.43822,19.30249
1112,88.01876,57.602085,18.879034,86.742294,60.20133,19.683212
1113,80.95028,33.73048,22.802622,79.401566,22.760311,21.744347
1114,73.03372,20.04885,18.017347,71.95189,21.699112,19.47487
1115,83.84749,51.628513,18.362133,86.394485,45.437378,18.046371
1116,95.97199,63.48533,18.70677,81.63335,36.68678,14.809328
1117,76.87236,33.425594,20.496548,79.844986,39.483345,18.819641
1118,87.73688,49.330627,22.368696,80.72447,37.95222,20.890495
1119,95.94297,28.940357,22.24533,98.03842,30.269012,22.206856
1120,76.98338,22.35153,18.017347,84.87348,30.105652,18.360323
1121,73.2179,34.451008,18.362133,79.492935,42.688267,18.197601
1122,66.93019,21.72467,17.672405,68.09401,21.014835,18.988634
1123,118.636826,34.708427,25.184288,120.02464,36.298016,24.928417
1124,58.799316,25.050695,17.327295,62.836067,27.473446,18.183784
1125,100.99392,51.846806,21.274267,92.52486,47.64779,22.135227
1126,80.98566,33.052357,18.189758,84.79229,41.948357,19.19941
1127,106.70161,49.50888,24.535496,120.93728,59.81318,24.314083
1128,67.418785,30.15166,17.499872,67.684906,27.272911,17.609241
1129,75.0355,35.472042,17.672405,74.29657,31.231216,17.75451
1130,90.40065,52.03428,18.362133,89.48313,56.24262,18.86662
1131,76.71811,50.83407,20.496548,83.73407,44.051533,21.013554
1132,115.68614,81.280045,22.24533,124.85171,81.12922,24.135927
1133,79.05726,24.131794,23.452955,80.60721,31.560818,22.452702
1134,57.77019,26.000376,17.499872,59.860443,26.027908,17.45441
1135,95.123924,38.031,23.669592,95.75646,36.407513,23.208572
1136,76.34719,38.535046,20.496548,86.67243,48.651684,20.074472
1137,82.749916,52.342422,22.368696,84.86424,50.62258,21.830559
1138,120.07714,33.119724,24.968082,128.46912,46.212353,25.253716
1139,103.11519,40.709023,21.46857,88.622475,31.30933,22.34621
1140,91.99555,35.03229,21.46857,102.15662,44.211895,20.75232
1141,80.6946,33.734737,21.46857,88.976456,32.507492,22.149384
1142,86.67446,37.05568,20.107368,87.42324,49.29219,20.021236
1143,102.66447,39.496445,24.319113,115.48953,46.389275,24.22187
1144,82.55543,33.17791,18.70677,82.983284,33.71518,19.499523
1145,66.70119,26.514538,17.672405,69.34771,26.971653,18.16248
1146,102.87596,46.71157,24.319113,108.58491,48.226402,23.823296
1147,78.22811,29.133259,23.019472,77.32876,29.77575,20.143105
1148,77.223175,41.957844,22.368696,79.38767,45.730804,21.972233
1149,74.05901,49.742588,19.717958,79.41951,50.148228,20.058874
1150,75.976166,16.258936,22.802622,74.89542,18.348515,22.06908
1151,90.42282,35.636307,21.079914,90.54212,37.808826,21.111536
